,Date,Stocks,Headlines,Description
1,2023-10-31 11:18:09,hdfc-bank-HDBK,Markets snap two-day gain; settle lower,"Equity indices end lower on Oct 31 due to foreign fund outflows, Middle East tensions and US Fed rate decision; Sensex down 237.72 pts & Nifty 61.30 pts; Major laggards: M&M, Airtel, ICICI Bank, IndusInd Bank, RIL, Axis Bank & HDFC Bank; Major gainers: Titan, Kotak Mahindra Bank, Asian Paints, HCL Tech, Tech Mahindra, NTPC, Nestle and Power Grid; Asian markets mixed, European markets in green and US markets higher"
2,2023-10-31 16:35:43,hdfc-bank-HDBK,"HDFC Bank Tweaks Airport Perks For Regalia Credit Cards Users, Changes Lounge Access Rules - News18",Users will receive only two free lounge access vouchers as part of a quarterly milestone benefit.
3,2023-10-31 15:50:24,hdfc-bank-HDBK,"Stock Market Today: Sensex, Nifty Resume Decline After Two-Day Gain As RIL, HDFC Bank, ICICI Bank Drag","Indian stock benchmarks declined after opening higher on Tuesday and snapped two-days of gains, as investors are now looking forward to the key interest rate decision of the US Federal Reserve a day later."
4,2023-10-30 15:41:29,hdfc-bank-HDBK,"Market Closing: Sensex Ends 330 pts Higher, Nifty Near 19,150; ICICI, HDFC Bank Up 1% - News18","Sensex Today: Indian equity market started Monday's trading session on a cautious note, amid weak cues from Asian peers."
5,2023-10-30 12:34:29,hdfc-bank-HDBK,"Stock Market Today: Sensex, Nifty Extend Gains After Volatile Day Of Trade As RIL, HDFC Bank, ICICI Bank Lead",Catch all the stock market updates here.
6,2023-10-26 13:14:01,hdfc-bank-HDBK,"Stock Market Today: Sensex, Nifty Register Longest Losing Streak In Seven Months As HDFC Bank, RIL Drag","The S&P BSE Sensex closed down 900 points, or 1.41%, at 63,148.15, while the NSE Nifty 50 was 265 points or 1.39% lower at 18,857.25."
7,2023-10-26 11:30:33,hdfc-bank-HDBK,"Sensex tumbles 900 points amid broad-based selloff; slips below 64,000","Sensex plunges 900 points, slips below 64,000; Nifty down 1.39%. Selloff across sectors, FIIs offload ₹4,236.60 crore. M&M, Bajaj Finserv, Asian Paints, Nestle, JSW Steel, Titan, HDFC Bank, Tech Mahindra, Tata Motors, L&T worst hit"
10,2023-10-23 12:20:11,hdfc-bank-HDBK,"Stock Market Today: Sensex Closes at Three-Month Low, Nifty Below 19,300 As RIL, HDFC Bank, TCS Drag","The S&P BSE Sensex closed down 826 points, or 1.26%, at 64,571.88, while the NSE Nifty 50 was 261 points or 1.34% lower at 19,281.75."
11,2023-10-22 12:10:19,hdfc-bank-HDBK,Mcap of Top-10 Valued Firms Plunges Rs 1.52 Lakh Crore - News18,"In the ranking of top 10 firms, Reliance Industries retained the title of the most valued firm followed by TCS, HDFC Bank, ICICI Bank, Infosys, Hindustan Unilever, ITC, Bharti Airtel, State Bank of India and Bajaj Finance"
12,2023-10-22 10:16:16,hdfc-bank-HDBK,HDFC Bank Vs PNB Vs SBI: Check Detailed FD Interest Rate Comparison - News18,"HDFC Bank Vs PNB Vs SBI: Check Detailed FD Interest Rate Comparison; HDFC Bank is offering up to 7.75 per cent interest rates on FD, depending upon deposit tenure and depositor’s age; PNB is offering FD rates up to 7.75 per cent, SBI is giving up to 7.50 per cent a year"
15,2023-10-18 13:24:22,hdfc-bank-HDBK,"Stock Market Today: Sensex, Nifty Log Worst Session In Two Weeks As HDFC Bank, RIL, ICICI Bank Drag","The S&P BSE Sensex closed down 551 points, or 0.83%, at 65,877.02, while the NSE Nifty 50 was 149 points or 0.71% lower at 19,671.10."
16,2023-10-18 10:34:42,hdfc-bank-HDBK,"Sensex, Nifty Fell The Most In Two Weeks As HDFC Bank, Reliance Drag: Market Wrap","India's benchmark stock indices fell the most in two weeks on Wednesday, led by losses in HDFC Bank Ltd., ICICI Bank Ltd., and Reliance Industries Ltd.

Nifty ended below the 19,700 level, while Sensex closed under 65,900, the lowest levels since Oct. 9. On a single-day basis, the indices dropped the most since Sept. 28, 2023. Banks and non-banking financial companies fell, whereas the pharma and auto sectors advanced."
18,2023-10-17 10:16:03,hdfc-bank-HDBK,HDFC Bank Q2 Results Review- NIM Declines As Guided Earlier; Lower Credit Costs Aid Profitability: Nirmal Bang,"HDFC Bank Q2FY24 results were better than our expectations, with net interest income/pre-provision operating profit/profit after tax coming in at a variation of 0.8%/-1.2%/8.4% versus our estimates. 

Based on a like-to-like comparison, the bank’s loan growth stood strong at 17.6% YoY. Deposit growth also was robust at 18.2% YoY. As expected, due to the impact of incremental cash reserve ratio and excess liquidity at the time of merger, NIM declined to 3.6% (interest earning assets) as against the bank’s guidance of 3.7- 3.8% NIM post-merger.  "
19,2023-10-17 13:09:28,hdfc-bank-HDBK,"Stock Market Today: Sensex, Nifty Snap Three Days Of Losses As HDFC Bank, RIL Lead; FPIs Turn Net Buyers","The S&P BSE Sensex closed up 261 points, or 0.39%, at 66,428.09, while the NSE Nifty 50 was 80 points or 0.40% higher at 19,811.50."
20,2023-10-17 11:00:38,hdfc-bank-HDBK,Markets rebound after three days of fall on optimism in global equities,"Equity indices bounce back on Tuesday after three days of fall; HDFC Bank up 1% post Q2 earnings. BSE Sensex up 261 points to 66,428.09; Nifty up 79.75 points to 19,811.50"
21,2023-10-17 10:44:47,hdfc-bank-HDBK,"Sensex, Nifty Snap Three-Day Loss To End Higher Led By HDFC Bank, Reliance: Market Wrap","India's benchmark stock indices snapped a three-day loss to close higher on Tuesday, led by gains in index heavyweights Reliance Industries Ltd. and HDFC Bank Ltd.

The Nifty closed above 19,800, while the Sensex ended over 66,400. Banks and non-banking financial institutions advanced while the realty sector was under pressure. "
22,2023-10-17 08:54:00,hdfc-bank-HDBK,"Stocks to Watch: HDFC Bank, Grasim, JFS, SpiceJet, Delta Corp, Tata Elxsi, and Others - News18","Stocks to watch: Shares of firms like HDFC Bank, Grasim, JFS, SpiceJet, Delta Corp, Tata Elxsi, and others will be in focus on Tuesday's trade."
23,2023-10-17 06:44:28,hdfc-bank-HDBK,"HDFC Bank Q2 Review - PAT Beat, NIM Disappoints; Building In Only A Gradual Rise In NIM: ICICI Securities","Despite higher-than-estimated profit after tax at Rs 159.8 billion (4% beat), HDFC Bank Ltd.’s Q2 FY24 results were a tad softer, as net interest margin (at 3.4% of total assets) was weaker-than-expected (net interest income miss at ~6%). 

 
We value the stock at ~2.5 times FY25E ABV and thus arrive at our target price of Rs 1,750. 

We now rate the stock as 'Add' (versus 'Buy' earlier). 

Key risks would be slower-than-estimated loan growth as well as NIM."
25,2023-10-17 04:52:08,hdfc-bank-HDBK,HDFC Bank Q2 Results Review - Close To The Bottom: Systematix,"HDFC Bank Ltd. reported earnings of Rs 159 billion (51% YoY, 34% QoQ), above our and consensus estimate of Rs 141 billion, led by lower provisions and higher other income. 

With respect to the merged HDFC Bank plus Housing Development Finance Corporation Ltd., the key highlights for the quarter were:

advances growth of 5% QoQ with the decline in eHDFC’s non-individual portfolio expected to have stabilised,

 

While reported net interest margin (as % of assets) declined 70 bp QoQ to 3.4%, the core NIM "
26,2023-10-17 04:31:30,hdfc-bank-HDBK,HDFC Bank Q2 Results Review: High Liquidity To Keep Net Interest Margin Soft,"The excess liquidity in HDFC Bank Ltd. after the merger with Housing Development Finance Corp. is likely to keep its net interest margin lower, according to analysts. 

While the bank management has spoken of a 25-basis-point impact on the margins, Nomura Global Markets Research expects a recovery of about 13 basis points over a period of time. ""On the other hand, the NIM drag from the I-CRR requirement is transient and should disappear in ensuing quarters,"" it said."
27,2023-10-17 04:33:27,hdfc-bank-HDBK,HDFC Bank Q2 Results Review - Margin Trajectory To Improve: Prabhudas Lilladher,"HDFC Bank Ltd. saw good quarter; net interest margin was 4 basis points higher to our estimate at 3.66% and core pre-provision operating profit was a 2.9% beat owing to better fees. 
 
With core return on asset of 1.74% and likely core profit after tax compound annual growth rate of ~19% over FY24-26E, HDFC Bank  remains our preferred pick among large-caps. 

We maintain multiple at 2.8 times on Sep-25E core adjusted book value and target price at Rs 2,025. Retain ‘Buy’."
32,2023-10-16 16:48:46,hdfc-bank-HDBK,"HDFC Bank Q2 Results On October 16: Net Profit To Jump, Margins Likely To Take A Hit - News18","HDFC Bank is expected to register a 39.4 per cent year-on-year (YoY) jump in its net profit to Rs 14,780 crore, according to average of five brokers' estimates; HDFC Q2 Results On October 16: Net Profit To Jump, Margins Likely To Take A Hit"
33,2023-10-16 16:47:38,hdfc-bank-HDBK,"HDFC Bank Q2 Results: Net Profit Jumps 50% To Rs 15,976 Crore, Check Details - News18","HDFC Bank Q2 Results: Explore the details of HDFC Bank's Q2 results, revealing a significant 50% jump in net profit to Rs 15,976 crores. Stay informed about the key details at news18.com"
35,2023-10-16 12:05:45,hdfc-bank-HDBK,HDFC Bank Q2 Results: Net Profit Rises 50% On Higher Core Income,"HDFC Bank Ltd. reported a rise in net profit for the second quarter of fiscal 2024.

The lender's net profit rose 50.6% year-on-year to Rs 15,976 crore, compared to Rs 10,605 crore a year ago. The profit beat the Bloomberg estimate of Rs 14,120 crore."
36,2023-10-16 21:35:07,hdfc-bank-HDBK,"HDFC Bank Q2 results: Lender’s net profit jumps 51% to Rs 15,976 cr",This is the first quarterly result of the lender since its merger with parent Housing Development Finance Corp
37,2023-10-16 14:11:49,hdfc-bank-HDBK,"Stock Market Today: Sensex, Nifty Slip For A Third Session As Oil Rises; HDFC Bank Drags","The S&P BSE Sensex closed down 116 points, or 0.17%, at 66,166.93, while the NSE Nifty 50 was 19 points or 0.10% lower at 19,731.75."
38,2023-10-16 08:20:14,hdfc-bank-HDBK,"Stocks to Watch: TCS, HDFC Bank, Tata Motors, D-Mart, SpiceJet, Adani Ent, and Others - News18","Stocks to watch: Shares of firms like TCS, HDFC Bank, Tata Motors, D-Mart, SpiceJet, Adani Ent, and others will be in focus on Monday's trade."
40,2023-10-16 04:40:41,hdfc-bank-HDBK,HDFC Life Q2 Results Review - Market Share In HDFC Bank Surprises Positively: Yes Securities," Calculated post-merger VNB margin grew by 10 bps QoQ (comparable) but de-grew -71 bps YoY  

VNB: The post-merger VNB growth was 31.3% QoQ  

APE: The post-merger APE was Rs 30,450 million up by 30.8%QoQ (comparable) and 6.8% YoY  

Expense control: Post-merger expense ratio decreased -10 bps QoQ to 19.8% as opex ratio decreased -237 bps QoQ but comm. ratio increased by 228bps QoQ.
We value HDFC Life at 3.1 times FY25 prcie/embedded value for an FY24E/25E/26E return on embedded value profile of 18.9%/19.3%/19.7%
 "
41,2023-10-16 04:21:23,hdfc-bank-HDBK,HDFC Life Q2 Review - Business Reorientation Towards Higher Volume Growth Is A Positive: ICICI Securities,"We like HDFC Life Insurance Company Ltd. from a volume execution perspective, considering stable margins and market share. There is a tailwind of higher growth in bancassurance (600 basis points increase in parent bank channel QoQ), while business reorientation of agency/partnership channels towards beyond-tier-I locations is a strategic priority (underlined by the Exide Life acquisition, addition of 37,000 agents in H1, tie-ups with Bandhan Bank Ltd./Small finance banks). 

 

Maintain 'Buy'. Risks include overall weakness in volume growth."
42,2023-10-15 16:21:35,hdfc-bank-HDBK,"Mcap of Six of Top-10 Firms Jumps Rs 70,527.11 Crore; Reliance Industries Biggest Gainer - News18","While Hindustan Unilever Ltd, Bharti Airtel, ITC, ICICI Bank and HDFC Bank were the gainers, Infosys, Tata Consultancy Services (TCS), State Bank of India and Bajaj Finance emerged as the laggards"
44,2023-10-16 19:02:32,hdfc-bank-HDBK,"Q2 results 2023 this week: HDFC Bank, YES Bank, HUL, Wipro, Paytm, Jio Financial Services, ITC, and more","Q2 results 2023 update: The earnings season kickstarted last week with IT majors Infosys, Tata Consultancy Services (TCS) and HCL Technologies reporting sub-par earnings"
46,2023-10-16 02:44:15,hdfc-bank-HDBK,India Lenders’ Earnings to Highlight Strength of Economy as Global Tech Rout Seen Worsening,"India’s leading banks should underscore the resilience of Asia’s third-largest economy when they report next week, while the IT industry may confirm it remains under pressure."
50,2023-10-11 18:59:21,hdfc-bank-HDBK,"TCS Q2 results: Former HDFC CEO Keki Mistry, two others join company’s board","Keki Minoo Mistry was the CEO and Vice Chairman of HDFC Ltd since 2010. Post its merger with HDFC Bank, he joined the bank as an additional and Non- Executive Director (Non-Independent) on June 30, 2023. He is also the Non-Executive Chairman of HDFC Ergo General Insurance Company Limited."
51,2023-10-11 13:21:22,hdfc-bank-HDBK,"Stock Market Today: Sensex, Nifty End At Three-Week High As RIL, HDFC Bank, HUL Lead","The S&P BSE Sensex closed up 394 points, or 0.60%, at 66,473.05, while the NSE Nifty 50 was 122 points or 0.62% higher at 19,811.35."
59,2023-10-04 07:57:54,hdfc-bank-HDBK,Aditya Puri Joins Deloitte As Senior Advisor,"Aditya Puri, former chief executive officer of HDFC Bank Ltd., has joined Deloitte Touche Tohmatsu India LLP as a senior advisor.

“Puri will leverage his unparalleled expertise and experience to help drive a tech-enabled transformation in the financial services sector and champion initiatives aimed at boosting financial inclusion across India,” Deloitte said in a statement. "
60,2023-10-04 06:42:47,hdfc-bank-HDBK,HDFC Bank Q2 Update: CASA Ratio Dips 780 Basis Points On Mega Merger,"HDFC Bank Ltd.'s CASA ratio stood at 37.6% as of Sept. 30, falling 780 basis points compared to 45.4% a year ago.

Sequentially, the CASA ratio fell 490 bps from 42.5% on the backdrop of the mega merger with Housing Development Finance Corp, according to an exchange filing on provisional figures on Wednesday.

However, the deposit growth stayed strong in the second quarter of the financial year, rising 30% year-on-year to Rs 21.7 lakh crore. On a quarterly basis, the deposits were up 14%."
62,2023-10-04 00:56:24,hdfc-bank-HDBK,"Stocks To Watch: HDFC Bank, Adani Enterprises, Maruti Suzuki, Hero MotoCorp, Nestle India, Vedanta","India's benchmark stock indices closed lower on Tuesday, dragged by losses in index heavyweights HDFC Bank Ltd. and Reliance Industries Ltd. Auto, oil & gas, and pharma sectors declined, while public sector banks and media advanced.

The S&P BSE Sensex closed 316 points, or 0.48%, lower at 65,512.10, while the NSE Nifty 50 fell 110 points, or 0.56%, to end at 19,528.75."
64,2023-10-03 12:25:42,hdfc-bank-HDBK,"Stock Market Today: Sensex, Nifty Decline As HDFC Bank, RIL Drag; PSU Banks Gain; FPIs Remain Net Sellers","The S&P BSE Sensex closed down 316 points, or 0.48%, at 65,512.10 while the NSE Nifty 50 was 110 points or 0.56% lower at 19,528.75."
65,2023-10-03 12:10:24,hdfc-bank-HDBK,"Markets fall on unabated foreign fund outflows; HDFC Bank, Reliance also drag","Mkt indices Sensex, Nifty fell on Tues. due to FPI outflows, sluggish Asian cues. Major laggards: Maruti, NTPC, Tata Motors, ICICI Bank, HDFC Bank, Reliance, JSW Steel, ITC, M&M. Gainers: Bajaj Finance, L&T, Bajaj Finserv, Titan. Asian mkt mixed, Euro mkt mixed, US mkt mostly green. Brent crude up 0.07%. FPI outflows ₹14,767 cr in Sep. Equity mkt closed Mon. on Gandhi Jayanti."
66,2023-10-03 11:21:26,hdfc-bank-HDBK,HDFC Revamps Top Management After Mega Merger,"HDFC Bank Ltd. is revamping some parts of top management as the Indian bank seeks to propel its mortgages business, three months after it acquired another lender."
68,2023-10-03 05:06:59,hdfc-bank-HDBK,Markets fall in early trade on unabated foreign fund outflows," Equity mkt indices fall on outflows, sluggish Asian cues; RIL, HDFC Bank drag. Sensex down 347 pts; Nifty at 19,521. Maruti, SBI, JSW Steel, HDFC Bank, Kotak Mahindra, Tata Steel, Tata Motors, ITC, RIL, NTPC major laggards. Asian Paints, HUL, UltraTech, M&M gainers. Tokyo, HK down; Shanghai up. US mkt up Mon. FIIs offloaded Rs 1,685.70 cr Fri. FPI net sellers, pulled out Rs 14,767 cr in Sep. Mixed cues for Oct series; FII selling, rising dollar, US bond yields headwinds. Brent crude down 0.89% to USD 89.90/bbl. Bulls encouraged by 5% Brent crash."
69,2023-10-03 01:39:49,hdfc-bank-HDBK,"Stocks To Watch: HDFC Bank, Maruti Suzuki, Cipla, Vedanta, Hero MotoCorp, RVNL, Kalpataru Projects, RBL Bank","India's benchmark stock indices closed higher on Friday, led by gains in ICICI Bank Ltd. and NTPC Ltd. Pharma, metal and media sectors led the advances that helped Nifty close above the 19,600 level and Sensex above the 65,800 mark.

However, on a weekly basis, the indices capped some losses to end lower for the second week in a row.

The S&P BSE Sensex closed 320 points, or 0.49%, higher at 65,828.41, while the NSE Nifty 50 gained 115 points, or 0.59%, to end at 19,638.30."
70,2023-10-01 11:22:01,hdfc-bank-HDBK,"Mcap of Five of Top 10 Most Valued Firms Decline by Rs 62,586 Crore; TCS, Infosys Biggest Laggards - News18","In the ranking of the most-valued firms, Reliance Industries remains at the top followed by TCS, HDFC Bank, ICICI Bank, Infosys, Hindustan Unilever, ITC, State Bank of India, Bharti Airtel and Bajaj Finance"
73,2023-09-28 14:03:07,hdfc-bank-HDBK,Bank FD: HDFC Bank Vs PNB Vs ICICI Bank; Check Detailed Comparison of FD Interest Rates - News18,HDFC Bank Vs PNB Vs ICICI Bank: Here's the comparison of latest interest rates on fixed deposits of three banks
76,2023-09-27 15:54:57,hdfc-bank-HDBK,"Sensex Ends 173 pts Higher; Nifty Above 19,700; Senco Jumps 14% - News18","The benchmark S&P BSE Sensex started Wednesday with losses led by Tech M, HDFC Bank, Titan, Bajaj Finance"
77,2023-09-27 07:18:28,hdfc-bank-HDBK,"Nifty Rejig: HDFC Bank, Power Grid, Shriram Properties Likely To See Highest Inflows","HDFC Bank Ltd., Power Grid Corp., Shriram Properties Ltd., Trent Ltd. and TVS Motor Co. are expected to see healthy net passive inflows due to rejig of the NSE indices, Nuvama Instiitutional Equities said.

Passive flows are expected in the CPSE, Nifty Bank, Nifty 50 and Nifty Next 50 indices, while probable weight changes and like inclusions and exclusions are expected in the Nifty LargeMidcap 250, Nifty Midcap 150, Nifty Midcap 100 and Nifty Smallcap 100 indices, according to a note on Tuesday."
78,2023-09-26 12:07:00,hdfc-bank-HDBK,"Stock Market Today: Sensex, Nifty End Volatile Session Lower As ICICI Bank Slips; HDFC Bank Top Gainer",Catch all stock market live updates here.
80,2023-09-23 18:53:56,hdfc-bank-HDBK,HDFC Bank Introduces 3 New Digital Payment Products To Streamline Online Payments - News18,HDFC Bank has empowered Indane Gas customers regardless of the phone type to effortlessly book and pay for their gas cylinders.
85,2023-09-22 14:57:58,hdfc-bank-HDBK,"iPhone 15 Plus for Rs 46,500? Yes, only if you are upgrading","The iPhone 15 series has been launched in India and the iPhone 15 Plus 128GB variant can be bought as low as Rs 46,000 if upgraded from an old iPhone. Customers can also avail of a flat Rs 5000 discount if the purchase is made using an HDFC bank card, receive exchange value for their old iPhone, and an additional Rs 6000 exchange bonus."
86,2023-09-22 09:54:15,hdfc-bank-HDBK,BQ Banking Unlimited: How Banks Can Build On Opportunity From Tech Challenges,"There are tech challenges across the board for the banking industry and banks need to prioritize strategies to make a change to their growth cycle.

That is the commentary that came from panelists Chief Information Officer Ramesh Laxminarayan of HDFC Bank and Mahesh Ramamoorthy, CIO of Yes Bank - who spoke on the challenges and unveiling the technological advancements in banking at BQ Prime's Banking Summit held in Mumbai on Friday. "
87,2023-09-22 05:23:02,hdfc-bank-HDBK,HDFC AMC allowed to acquire aggregate holding of upto 9.5% each in 5 banks,"HDFC Bank's subsidiary HDFC AMC receives RBI approval to acquire up to 9.5% of paid-up share capital/voting rights in 5 banks. RBI approval given in accordance with Master Direction-RBI (Acquisition & Holding of Shares/Voting Rights in Banking Companies) Directions, 2023. Aggregate holding to be construed as per said directions."
88,2023-09-21 07:21:14,hdfc-bank-HDBK,HDFC Bank - Negatives Priced In; Core Earnings Outlook Better: Prabhudas Lilladher,"HDFC Bank at its analyst meet clarified certain aspects relating to merged financials. While transition to Income Recognition and Asset Classification, credit policy harmonisation and creation of DTL reserve would impact book value per share by 5%, gains emanating from stake sale of Credila could cushion capital by 1.2%. 
Creation of excess liquidity could affect Q2 FY24 net interest margin 
FY24 NIM could contract YoY from 3.8% to 3.6%, however, as higher cost liabilities of Housing Development Finance Corporation Ltd. "
89,2023-09-20 12:05:14,hdfc-bank-HDBK,"Stock Market Updates: Sensex Sinks 700 pts, Nifty Below 19,500; RIL Falls 2%, HDFC Bank 3% - News18","Domestic equity markets started Wednesday's trading session on a tepid note, amid weak cues from the overseas markets."
90,2023-09-20 11:38:15,hdfc-bank-HDBK,HDFC Bank Share Declines Over 4% Post Analysts Meet; Here’s Why - News18,"HDFC Bank Ltd., India's largest private lender, saw a decline of over 4 per cent in share prices in Wednesday's trade"
91,2023-09-20 10:56:59,hdfc-bank-HDBK,"Sensex, Nifty tank over 1% ahead of Fed interest rate decision; HDFC Bank, RIL drag","The 30-share BSE Sensex tumbled 796 points or 1.18% to settle at 66,800.84"
92,2023-09-20 12:30:19,hdfc-bank-HDBK,"Stock Market Today: Sensex, Nifty Fall The Most In Over A Month As HDFC Bank, RIL Drag","The S&P BSE Sensex closed down 796 points, or 1.18%, at 66,800.84 while the NSE Nifty 50 was 232 points or 1.15% lower at 19,901.40."
93,2023-09-21 01:19:19,hdfc-bank-HDBK,HDFC Bank Gets Rare Analyst Downgrade On Loan Growth Concerns,"Shares of HDFC Bank Ltd. fell as much as 4.2% after Nomura Holdings Inc. downgraded the stock, prompted by the lender’s lowered revision of the business absorbed from its parent."
96,2023-09-20 08:01:04,hdfc-bank-HDBK,"Stocks to Watch: HDFC Bank, RR Kabel, Tata Motors, Cipla, Coal India, Biocon, and Others - News18","Stocks to watch: Shares of firms like HDFC Bank, RR Kabel, Tata Motors, Cipla, Coal India, Biocon, and others will be in focus on Wednesday's trade."
97,2023-09-20 07:05:26,hdfc-bank-HDBK,"Sensex, Nifty Fall Nearly 1% on Profit-Booking; HDFC Bank, RIL Fall: Midday Market Update","India's benchmark stock indices declined nearly 1% through midday on Wednesday, slipping the most since Aug. 3, on profit booking after the recent rally that pushed the indices to close at record highs.

Most sectoral indices dropped, with non-banking financial services, banks, metals, and realty sectors falling the most."
98,2023-09-20 07:17:13,hdfc-bank-HDBK,HDFC Bank’s Asset Quality Concerns: What Analysts Make Of It,"Shares of HDFC Bank Ltd. declined as much as 3.82% in early trade on Wednesday, after the management met with sell-side analysts to comment on the financials of its merged entity with HDFC Ltd. and related matters on Monday. The bank shared proforma financial statements for the merged entity for Q1 FY24 and discussed other related matters."
100,2023-09-20 05:38:14,hdfc-bank-HDBK,"Sensex, Nifty fall in early trade on weak global trends ahead of U.S. Fed interest rate decision","Mumbai equity benchmarks fell on Sept 20 due to weak global trends ahead of U.S. Fed's rate decision. HDFC Bank, Reliance Industries, Bharti Airtel, Maruti, Titan & HUL were major laggards. NTPC, IndusInd Bank, Axis Bank & Mahindra & Mahindra were gainers. "
101,2023-09-20 05:46:25,hdfc-bank-HDBK,"HDFC Bank Shares Fall As It Expects Asset Quality To Worsen, Margins To Narrow","Shares of India's largest private bank HDFC Bank Ltd. fell the most in 11 weeks after it is likely to see its bad loan ratios worsen marginally and a compression in net interest margins, according to the analyst meet on Monday.

Gross non-performing asset ratio is likely to increase to 1.4% as of July 1, compared to 1.2% as of June 30, Srinivasan Vaidyanathan, chief financial officer of HDFC Bank told sell-side analysts on Monday."
103,2023-09-20 04:32:02,hdfc-bank-HDBK,HDFC Bank - NIMs Likely To Decline Near Term Due To Additional Liquidity: ICICI Securities,"HDFC Bank Ltd. hosted an analyst meet on September 18, 2023 to update on the opening net worth of the merged entity and related matters. The hit on opening net-worth is slightly higher than our initial estimates and the pressure on near term net interest margin also appears higher than initially envisaged. LDR, as of July 1, 2023, stands at 108%. Q1 FY24 pro forma merged NIM (on total assets) would decline to 3.7-3.8% versus 4.1% for standalone bank. "
104,2023-09-20 04:07:21,hdfc-bank-HDBK,HDFC Bank - Excess Liquidity Impacted Margins: IDBI Capital,"We attended Analyst meet hosted by HDFC Bank Ltd. which highlighted the adjustment for harmonisation on opening networth and Proforma Q1 FY24 merged financials. 

Harmonisation effect of IGAAP alignment, credit policy and deferred tax liability on incoming networth resulted decline in networth to Rs 1,118 billion versus 1,340 billion. 

 excess liquidity on the balance sheet (July 01, 2023 resulted impact of 70 basis points on Housing Development Finance Corporation Ltd.'s net interest margins thus 25-30 bps impact on merged entity. "
106,2023-09-19 17:53:19,hdfc-bank-HDBK,"Sashidhar Jagdishan To Continue As HDFC Bank MD & CEO, RBI Approves Re-appointment - News18",Jagdishan joined the Bank in 1996 as a manager in the finance department
107,2023-09-19 13:27:46,hdfc-bank-HDBK,HDFC Bank Sees Asset Quality Worsening Marginally After Merger,"India's largest private bank HDFC Bank Ltd. is likely to see its bad loan ratios worsen marginally, after the merger with Housing Development Finance Corporation Ltd. 
Gross non-performing asset ratio is likely to increase to 1.4% as of July 1, compared to 1.2% as of June 30, Srinivasan Vaidyanathan, chief financial officer of HDFC Bank told sell-side analysts on Monday. In a presentation, the bank also noted that the net NPA ratio will rise to 0.4%, from 0.3% at the end of the first quarter."
108,2023-09-19 20:56:20,hdfc-bank-HDBK,RBI approves re-appointment of Sashidhar Jagdishan as MD and CEO of HDFC Bank for 3 years,"Sashidhar Jagdishan has been re-appointed as MD and CEO of HDFC Bank till October 26, 2026"
109,2023-09-19 11:41:09,hdfc-bank-HDBK,RBI Allows Sashidhar Jagdishan To Be Reappointed As MD & CEO Of HDFC Bank,"The Reserve Bank of India has greenlit the reappointment of Sashidhar Jagdishan as managing director and chief executive officer of HDFC Bank, the lender said in an exchange notice on Tuesday. The approval is for three years and will be effective from October 27, 2023 to October 26, 2026. "
111,2023-09-18 10:53:18,hdfc-bank-HDBK,"Sensex, Nifty fall after record-breaking rally; investors await Fed rate decision","On Sept. 18, Sensex & Nifty ended lower after 11-day rally due to weak global markets & caution ahead of Fed's rate decision. HDFC Bank, Bharti Airtel, Infosys, UltraTech Cement, Tata Steel, Wipro, Kotak Mahindra Bank, Reliance Industries, Tech Mahindra & JSW Steel were major laggards. Asian markets ended mixed, while European & US markets ended in negative territory. FIIs bought equities worth Rs 164.42 crore. Brent crude rose 0.39% to $94.30/barrel."
112,2023-09-18 12:48:10,hdfc-bank-HDBK,"Stock Market Today: Sensex Snaps 11-Day Winning Streak; Nifty Falls As RIL, HDFC Bank Drag; PSU Stocks Rally","The S&P BSE Sensex closed 242 points, or 0.36%, at 67,596.84 while the NSE Nifty 50 was 59 points or 0.29% lower at 20,133.30."
113,2023-09-18 08:04:15,hdfc-bank-HDBK,"Stocks to Watch: HDFC Bank, Jupiter Hospital, ONGC, HAL, Tata Steel, Zee Ent, and Others - News18","Stocks to watch: Shares of firms like HDFC Bank, Jupiter Hospital, ONGC, HAL, Tata Steel, Zee Ent, and others will be in focus on Monday's trade."
114,2023-09-18 07:16:37,hdfc-bank-HDBK,"Sensex, Nifty Trade Lower As HDFC Bank, RIL Drag: Midday Market Update","India's benchmark stock indices traded lower by midday on Monday, led by losses in HDFC Bank Ltd. and Reliance Industries Ltd.

Public-sector banks and auto sectors led as the Nifty Auto and Nifty PSU Bank indices scaled record highs during the day. The information-technology and realty sectors fell.

As of 12:10 p.m., the S&P BSE Sensex was 87 points or 0.13% lower at 67,751.88, while the NSE Nifty 50 fell 11 points or 0.05% to 20,181.45."
115,2023-09-18 06:30:10,hdfc-bank-HDBK,"Stocks In Focus | Karnataka Bank, HDFC Bank, NCC, Jamna Auto & More | BQ Prime","Stocks In Focus | Karnataka Bank, HDFC Bank, NCC, Jamna Auto & More | BQ Prime ICICI Direct's Pankaj Pandey shares insight on top stocks to watch for in trade today. #BQLive #BQStocks   ICICI Direct's Pankaj Pandey shares insight on top stocks to watch for in trade today."
118,2023-09-16 16:06:55,hdfc-bank-HDBK,Bank FD: SBI Vs PNB Vs HDFC Bank; Check Detailed Comparison of Latest Fixed Deposit Interest Rates - News18,"HDFC Bank is offering up to 7.75 per cent interest rates on FD, depending upon deposit tenure and depositor’s age. SBI is offering FD rates up to 7.50 per cent annually and PNB is giving up to 7.75 per cent a year"
121,2023-09-15 02:12:08,hdfc-bank-HDBK,"Sensex, FTSE Rejig: HDFC Bank To See Inflows Of $600 Million, Says Nuvama","As Sensex and FTSE as scheduled for a rejig on Sept 15, HDFC Bank could see inflows of $ 600 million, according to a Nuvama report.

HDFC Bank will be added in FTSE in three tranches, with each quarter witnessing around $500 million of inflows. While it expects inflows of $102 million from the change in its weight in BSE's benchmark index Sensex as a result of the quarterly rejig.

""When you tally up all the inflows on the same day, HDFC Bank is poised to receive an impressive cumulative inflow of nearly USD 600 million,"" the note said."
122,2023-09-13 13:48:13,hdfc-bank-HDBK,"Stock Market Today: Sensex, Nifty Resume Advance As RIL, HDFC Bank Gain; FPIs Remain Net Sellers",Live updates on India's equity markets on Sept. 13.
123,2023-09-13 07:52:41,hdfc-bank-HDBK,"Sensex, Nifty Recover Led By Gains In HDFC Bank, Reliance: Midday Market Update","India's benchmark stock indices recovered after a lower open by midday trade on Wednesday, led by gains in index heavyweights Reliance Industries Ltd. and HDFC Bank Ltd.

Nifty was trading above the 20,000 level, whereas Sensex was above the 67,400 mark. Public sector banks and media stocks rose, while information technology and realty shares remained under pressure"
125,2023-09-11 07:06:10,hdfc-bank-HDBK,"Sensex, Nifty Inch Closer To Record Highs As RIL, HDFC Bank Lead: Midday Market Update","India's benchmark stock indices opened higher and inched closer towards their all-time highs scaled on July 20, 2023. 

While, Nifty 50 was nearly 50 points away from the 20,000 level, Sensex was about 600 points shy of its record high, above the 67,600 mark. "
126,2023-09-11 08:04:15,hdfc-bank-HDBK,"Stocks to Watch: Adani Ent, Adani Ports, HDFC Bank, CCD, IRCTC, Oil India, and Others - News18","Stocks to watch: Shares of firms like Adani Ent, Adani Ports, HDFC Bank, Coffee Day, IRCTC, Oil India, and others will be in focus on Monday's trade."
127,2023-09-10 19:47:16,hdfc-bank-HDBK,"iPhone 14 gets up to Rs 16,901 discount on Flipkart just days ahead of iPhone 15 launch","The red colour variant of the iPhone 14 is available with a discounted price of Rs 66,999, down from Rs 79,900. There is also a Rs 4,000 discount on HDFC bank credit card, which effectively brings down the price to Rs 62,999. "
128,2023-09-08 12:10:42,hdfc-bank-HDBK,"Stock markets rally for 6th day running on buying in HDFC Bank, L&T, RIL",Benchmark BSE Sensex rallied 333 points to extend its winning run to a sixth straight session.
129,2023-09-08 14:26:59,hdfc-bank-HDBK,Bank FD: SBI Vs HDFC Bank vs PNB; Check Detailed Comparison of Latest Interest Rates - News18,"Bank FD: A detailed comparison of the current fixed deposit (FD) interest rates offered by three lenders SBI, HDFC Bank and ICICI Bank on deposits below Rs 2 crore"
130,2023-09-07 11:07:29,hdfc-bank-HDBK,"Stock markets extend gains for fifth day; Sensex revisits 66,000 mark","Sensex rises 385 points, reclaims 66,000 mark on buying in HDFC Bank, L&T, SBI; Nifty ends above 19,700."
131,2023-09-06 14:22:32,hdfc-bank-HDBK,Nifty 50 Top 5 Gainers & Losers Today,The top 5 gainers and losers on the Nifty today along with sectoral indices.
132,2023-09-06 11:24:15,hdfc-bank-HDBK,Markets log 4th day of rally on buying in HDFC Bank,Fag-end buying helped the BSE Sensex climb 100.26 points
133,2023-09-04 14:53:54,hdfc-bank-HDBK,"Stock Market Today: Sensex, Nifty Log Two-Day Gains As Infosys, HDFC Bank; Lead; Metals Rise","The S&P BSE Sensex closed up 241 points, or 0.37%, at 65,628.14, while the NSE Nifty 50 was 94 points, or 0.48%, higher at 19,528.80.

"
136,2023-09-02 07:19:44,hdfc-bank-HDBK,Biggest Indian Bank’s Unit Plans $2 Billion Private Credit Fund,An arm of India’s biggest lender HDFC Bank Ltd. is seeking to raise as much as $2 billion for a real estate private credit fund as demand for new homes surges in the world’s most populous country.
137,2023-08-31 12:16:31,hdfc-bank-HDBK,"Stock Market Today: Sensex, Nifty Fall After Three-Day Run As RIL, HDFC Bank Drag","The S&P BSE Sensex closed down 256 points, or 0.39%, at 64,831.41, while the NSE Nifty 50 was 94 points, or 0.48%, lower at 19,253.80."
139,2023-08-30 04:11:59,hdfc-bank-HDBK,A Perfect Storm Has Begun Stifling India’s Bank Credit Growth,"Tight liquidity and higher interest rates are beginning to slow down the credit growth of India's banking sector.

The Reserve Bank of India's incremental cash-reserve-ratio requirement, its dollar sales to buttress a weakening rupee and the goods and services tax outflow are all leading to liquidity turning negative since March 2023.

Non-food bank credit rose 19.7% year-on-year to over Rs 148 lakh crore as on Aug. 11, according to the latest data by the RBI, primarily driven by the merger between HDFC and HDFC Bank Ltd."
141,2023-08-29 12:18:10,hdfc-bank-HDBK,"Stock Market Today: Sensex, Nifty Advance For The Second Day Led By HDFC Bank, L&T Lead; Realty Stocks Rise","The S&P BSE Sensex closed up 79 points, or 0.12%, at 65,075.82, while the NSE Nifty 50 was 37 points, or 0.19%, higher at 19,342.65."
142,2023-08-28 18:08:40,hdfc-bank-HDBK,Equity Markets Bounce Back After 2 Days of Decline on Firm Global Trends - News18,"From the Sensex pack, Larsen & Toubro, Mahindra & Mahindra, HDFC Bank, Sun Pharma, Maruti, Kotak Mahindra Bank, IndusInd Bank, Tata Steel and State Bank of India were among the gainers"
143,2023-08-28 11:55:42,hdfc-bank-HDBK,"Stock Market Today: Sensex, Nifty Rebound After Two-Day Fall As HDFC Bank, L&T Gain; FPIs Stay Net Sellers","The S&P BSE Sensex closed up 110 points, or 0.17%, at 64,996.60, while the NSE Nifty 50 was 40 points, or 0.21%, higher at 19,306.05."
144,2023-08-28 11:31:24,hdfc-bank-HDBK,Markets bounce back after two days of decline on firm global trends,"Equity indices rose on Mon, tracking global markets & HDFC Bank buying. BSE Sensex up 0.17%, NSE Nifty up 0.21%. Asian markets, incl. Seoul, Tokyo, Shanghai & Hong Kong, ended with gains. "
145,2023-08-28 02:38:04,hdfc-bank-HDBK,HDFC Bank Rides On Premium Cards To Grab Market Share,"As India's largest private lender, HDFC Bank is working to grab a maximum share of the credit card industry by focusing on premium cards. The bank has partnered with several entities, including Swiggy, Retailio, and IRCTC, to expand its presence in the credit card segment and cater to mass-affluent and middle-income segments. HDFC Bank's cards chief Parag Rao said the move is driven by revenge spending by Indians on both domestic and international travel post-Covid. "
146,2023-08-26 14:02:53,hdfc-bank-HDBK,Tax Query: What Are the Tax Implications on Capital Gains from Selling HDFC Limited Shares After Merger with HDFC Bank?,"Issue of HDFC Ltd shares consequent to merger with HDFC Bank is not taxable. If 336 shares are sold at Rs. ₹1,690, long term capital loss of Rs. ₹91,728 can be set-off against long term capital gain. If sold at Rs. ₹2,500, long term capital gain of Rs. ₹1,80,432 is taxable at 10% plus applicable surcharge and cess."
148,2023-08-25 15:37:55,hdfc-bank-HDBK,HDFC Bank Vs PNB Vs ICICI Bank: Check Latest Bank FD Interest Rate Comparison - News18,"Bank FD: HDFC Bank is offering up to 7.75% annual interest rates on FD, ICICI Bank is offering up to 7.60% and PNB is giving up to 7.75% a year"
149,2023-08-25 00:33:00,hdfc-bank-HDBK,"Day trading guide for August 25, 2023: Intraday supports, resistances for Nifty50 stocks","The Day Trading Guide gives you the key intraday supports and resistances to watch out for on the Nifty Futures and other widely traded stocks such as Reliance Industries, Infosys, HDFC Bank, TCS and SBI. Based on the trend, it also gives intraday trade recommendations with specific entry as well as stop-loss levels. The mentioned resistances and supports will be the exit levels. Do note that the recommendations are based on Technical Analysis and there is a risk of loss in trading. "
150,2023-08-24 16:37:39,hdfc-bank-HDBK,"HDFC Bank, Marriott unveil co-branded credit card","HDFC Bank, in a tie-up with Marriott Bonvoy, Marriott International’s travel program, has introduced co-branded ‘Marriott Bonvoy HDFC Bank Credit Card’ which will run on Diners Club, part of the Discover Global Network."
153,2023-08-24 15:24:06,hdfc-bank-HDBK,"For Marriott International, India witnessing “most robust growth in APAC”","Marriott Intl. sees strong growth in India; HDFC Bank launches co-branded hotel credit card. Marriott Intl. sees India as most robust growth in Asia-Pacific, RevPar & guest sentiment rating highest. HDFC Bank bullish on credit card business, consumer spends on travel 1.2x pre-pandemic."
154,2023-08-24 12:43:53,hdfc-bank-HDBK,"Sensex closes lower by 180 points as RIL, HDFC Bank decline; snaps 3-day gaining streak",Sensex and Nifty opened higher following overnight gains in U.S. stocks and positive cues from Asian markets. 
155,2023-08-24 12:14:40,hdfc-bank-HDBK,"Stock Market Today: Sensex, Nifty Snap Three-Day Gaining Streak As RIL, HDFC Bank Drag; Healthcare Stocks Drop","The S&P BSE Sensex was down 181 points, or 0.28%, at 65,252.34, while the NSE Nifty 50 was 57 points, or 0.29%, lower at 19,386.70."
156,2023-08-24 01:00:00,hdfc-bank-HDBK,"Day trading guide for August 24, 2023: Intraday supports, resistances for Nifty50 stocks","The Day Trading Guide gives you the key intraday supports and resistances to watch out for on the Nifty Futures and other widely traded stocks such as Reliance Industries, Infosys, HDFC Bank, TCS, and SBI. Based on the trend, it also gives intraday trade recommendations with specific entry as well as stop-loss levels. The mentioned resistances and supports will be the exit levels. Do note that the recommendations are based on Technical Analysis and there is a risk of loss in trading."
157,2023-08-23 18:14:39,hdfc-bank-HDBK,Housing Demand Has Power To Unlock Economy’s Potential: HDFC Bank Director,"HDFC Bank Director Keki Mistry, on Wednesday, asserted that the demand for housing will continue in India and it has the power to unlock the potential of the economy.

Speaking at the foundation day celebration of Bandhan Bank, Mistry said the housing sector also generates huge employment and has a better credit risk profile than other segments."
158,2023-08-23 16:53:23,hdfc-bank-HDBK,‘The perception that you lend and lose money in villages is incorrect’: HDFC Bank,"The perception that you lend and lose money in villages is incorrect and therefore HDFC Bank will remain bullish on rural markets with a goal to serve people in over two lakh villages in India by end of March 2024, said Rahul Shyam Shukla, Group Head – Commercial and Rural Banking."
160,2023-08-23 00:33:00,hdfc-bank-HDBK,"Day trading guide for August 23, 2023: Intraday supports, resistances for Nifty50 stocks","The Day Trading Guide gives you the key intraday supports and resistances to watch out for on the Nifty Futures and other widely traded stocks such as Reliance Industries, Infosys, HDFC Bank, TCS and SBI. Based on the trend, it also gives intraday trade recommendations with specific entry as well as stop-loss levels. The mentioned resistances and supports will be the exit levels. Do note that the recommendations are based on Technical Analysis and there is a risk of loss in trading."
161,2023-08-22 11:57:01,hdfc-bank-HDBK,"Stock Market Today: Sensex, Nifty End Flat As ITC Leads; HDFC Bank Drags; RIL M-Cap Drops Over Rs 7,600 Crore","The S&P BSE Sensex closed up 4 points, or 0.01%, at 65,220.03, while the NSE Nifty 50 was 3 points, or 0.01%, higher at 19,396.45."
163,2023-08-22 00:33:00,hdfc-bank-HDBK,"Day trading guide for Aug 22, 2023: Intraday supports, resistances for Nifty50 stocks","The Day Trading Guide gives you the key intraday supports and resistances to watch out for on the Nifty Futures and other widely traded stocks such as Reliance Industries, Infosys, HDFC Bank, TCS and SBI. Based on the trend, it also gives intraday trade recommendations with specific entry as well as stop-loss levels. The mentioned resistances and supports will be the exit levels. Do note that the recommendations are based on Technical Analysis and there is a risk of loss in trading."
164,2023-08-23 16:23:15,hdfc-bank-HDBK,HDFC Ltd-HDFC Bank merger: What differences home loan borrowers should know before shifting from MCLR to ELBR?,"ELBR is more responsive to repo rate changes, which can result in faster re-pricing of loans compared to MCLR"
168,2023-08-22 02:39:18,hdfc-bank-HDBK,HDFC Wants to Ride India Consumer Boom After Home Loan Dominance,HDFC Bank Ltd. wants to use home lending as a gateway for the world’s sixth largest lender to capture more consumer finance customers with loans on everything from air conditioners to cars and TVs.
169,2023-08-20 08:30:15,hdfc-bank-HDBK,"Mcap of seven of top 10 firms declines by ₹80,200 crore; TCS, HDFC Bank biggest laggards","Last week, 7 of the top 10 valued firms saw a combined market valuation drop of Rs 80,200.24 crore due to a weak equities trend. TCS and HDFC Bank were the biggest laggards, while Reliance Industries, Hindustan Unilever and Infosys gained. RIL remained the most valued firm, followed by TCS, HDFC Bank, ICICI Bank, HUL, Infosys, ITC, SBI, Airtel and Bajaj Finance."
174,2023-08-18 06:54:34,hdfc-bank-HDBK,"Share Market Highlights 17 August, 2023: Sensex dips 388 pts; Nifty slips below 19,400; Adani Ports, Titan among top gainers","Sensex, Nifty updates on 17 August 2023 – Snapping their two-day winning run, equity benchmarks Sensex and Nifty closed in the negative territory on Thursday, tracking losses in index majors Reliance Industries, ITC, and HDFC bank amid a weak trend in global markets. The BSE Sensex declined 388.40 points or 0.59 per cent to settle at 65,151.02. During the day, it fell by 493.32 points or 0.75 per cent to 65,046.10. The NSE Nifty slipped 99.75 points or 0.51 per cent to end at 19,365.25."
175,2023-08-18 06:04:45,hdfc-bank-HDBK,"Bank Nifty prediction today – August 18, 2023: Index testing a support",".Bank Nifty opened gap-down, but has recovered to 43,900. Adv/Decl ratio is neutral. AU Small Finance Bank is top gainer, HDFC Bank top loser. Bank Nifty futures flat, support at 43,870-44,000. Short Bank Nifty if falls below 43,870, target 43,500, stop-loss 44,030."
177,2023-08-18 00:45:00,hdfc-bank-HDBK,"Day Trading Guide for August 18, 2023: Intraday supports, resistances for Nifty50 stocks","The Day Trading Guide provides key intraday supports and resistances to monitor on the Nifty Futures and popularly traded stocks like Reliance Industries, Infosys, HDFC Bank, TCS, and SBI, along with offering intraday trade recommendations that include specific entry and stop-loss levels, where the mentioned resistances and supports serve as exit points; however, it’s important to note that these recommendations rely on Technical Analysis and trading carries the risk of potential losses."
178,2023-08-17 16:02:13,hdfc-bank-HDBK,HDFC Life to offer dollar-denominated insurance solutions via GIFT City branch,"HDFC Life Intl & HDFC AMC Intl launch IFSC branches at GIFT City to offer life & health ins, fund mgmt & advisory sols to NRIs & global Indian diaspora. HDFC Bank's IBU has been present at GIFT City since 2017, offering corporate & treasury sols, trade credit, foreign currency loans & depository services. Low ins & MF penetration in India to be addressed by IFSCs, which will facilitate dev of strong base of int'l financial services, raise bar on efficiency & competitiveness."
179,2023-08-17 17:19:24,hdfc-bank-HDBK,"HDFC Bank group inaugurates asset management, life insurance services at Gujarat’s GIFT City",The first product by HDFC Life International US Dollar Global Education Plan is open for enrolment and is designed for those who want to build a US dollar-denominated corpus to meet future expenses for their child's overseas education.
180,2023-08-17 17:09:44,hdfc-bank-HDBK,Bank FD: HDFC Bank vs SBI vs ICICI Bank; Check Comparison of Latest Interest Rates - News18,"Check the comparison of the current FD interest rates between ICICI Bank, SBI and HDFC Bank on deposits below Rs 2 crore"
181,2023-08-17 08:44:50,hdfc-bank-HDBK,"HDFC Bank Group Launches Insurance, Asset Management Services At GIFT City","The HDFC Bank group has introduced life insurance and asset management services at India’s international financial centre, GIFT City, in Ahmedabad, which will cater to non-resident Indians and the Indian diaspora globally, as well as institutional and non-institutional investors, said Deepak Parekh, chairman of HDFC Life and HDFC AMC."
182,2023-08-17 00:45:00,hdfc-bank-HDBK,"Day Trading Guide for August 17, 2023: Intraday supports, resistances for Nifty50 stocks","The Day Trading Guide provides key intraday supports and resistances to monitor on the Nifty Futures and popularly traded stocks like Reliance Industries, Infosys, HDFC Bank, TCS, and SBI, along with offering intraday trade recommendations that include specific entry and stop-loss levels, where the mentioned resistances and supports serve as exit points; however, it’s important to note that these recommendations rely on Technical Analysis and trading carries the risk of potential losses."
183,2023-08-16 12:16:22,hdfc-bank-HDBK,"Stock Market Live: Sensex, Nifty Little Changed As HDFC Bank Drags, Infosys Leads; UNO Minda At 19-Month High","The S&P BSE Sensex closed up 138 points, or 0.21%, at 65,593.42, while the NSE Nifty 50 was 31 points, or 0.16%, higher at 19,465.

"
184,2023-08-16 07:00:45,hdfc-bank-HDBK,"Sensex, Nifty Trade Lower As HDFC Bank, ICICI Bank, RIL Drag: Midday Market Update","India's benchmark stock indices traded lower through midday on Wednesday, led by losses in HDFC Bank Ltd., ICICI Bank Ltd., and Reliance Industries Ltd.

Metals, non-banking financial companies, and the private banking sectors dragged while information technology and healthcare stocks advanced. On Monday evening, the CPI inflation rose to a 15-month high at 7.44% in July, as compared to 4.87% in June.

Financial markets in India were shut on Tuesday for Independence Day celebrations."
185,2023-08-16 05:15:42,hdfc-bank-HDBK,"Sensex, Nifty fall in early trade on weak global trends, foreign fund outflows"," From the Sensex pack, Bajaj Finance, HDFC Bank, IndusInd Bank, Tata Motors, Tata Steel, Bajaj Finserv, JSW Steel and ICICI Bank were the major laggards"
186,2023-08-15 06:48:28,hdfc-bank-HDBK,"Banks redeem ₹3,000 crore from liquid schemes for I-CRR compliance","Private sector banks have redeemed Rs 30,000 crore from liquid MF schemes to meet RBI's I-CRR requirement. Quantum AMC's Pathak said banks tap treasury bills & liquid funds for short-term liquidity needs. RBI's I-CRR to absorb surplus liquidity of Rs 1 lakh crore & review on Sept 8. HDFC Bank more sensitive to I-CRR due to post-merger deposits."
189,2023-08-14 08:13:49,hdfc-bank-HDBK,"Stocks in news: ITC, Adani Ports, Tata Steel, Nykaa, Vodafone Idea, HDFC Bank & CarTrade"," ITC Ltd, Vodafone Idea Ltd, Indiabulls Housing Finance, KNR Constructions Ltd, AstraZeneca Pharma India, Wockhardt Ltd, Saksoft Ltd and Uflex are among a handful of companies that will announce their quarterly results today.       "
191,2023-08-14 09:05:58,hdfc-bank-HDBK,"Nifty Bank Falls As SBI, HDFC Bank, Bank Of Baroda Drag","Nifty Bank index fell by midday trade on Monday, led by declines in State Bank of India, Bank of Baroda and HDFC Bank Ltd.

The bank stock index fell 0.60% to 43,935.85, compared with the 0.34% decline in the benchmark Nifty 50 as of 1:20 p.m."
192,2023-08-14 04:50:13,hdfc-bank-HDBK,"Sensex, Nifty fall in early trade on weak global trends, foreign fund outflows","Equity markets fall for 3rd day; Sensex down 461 pts; Nifty 154 pts. Global cues, FPI outflows weigh. Sun Pharma, Nestle gain; Tata Motors, SBI, JSW Steel, Bajaj Finance, Tata Steel, Bajaj Finserv, Tech Mahindra, Power Grid, Mahindra & Mahindra, Tata Consultancy Services, HCL Technologies, HDFC Bank major laggards. Asian mkt, US mkt, Brent crude down. FPI outflows ₹3,073 cr. Negative trends in dollar index, US 10-yr bond yield. "
193,2023-08-13 06:20:17,hdfc-bank-HDBK,"Mcap of seven of top 10 firms falls by ₹74,603 cr; HDFC Bank biggest laggard","Last week, seven of the top 10 valued firms saw a combined market valuation drop of ₹74,603.06 crore, with HDFC Bank suffering the biggest loss. ICICI Bank, Hindustan Unilever, Infosys, ITC, Bajaj Finance all saw erosion in their mcap, while Reliance Industries, TCS and SBI added to theirs. Reliance Industries remained the most valued firm, followed by TCS, HDFC Bank, ICICI Bank, Hindustan Unilever, Infosys, ITC, SBI, Bharti Airtel and Bajaj Finance."
196,2023-08-13 09:02:06,hdfc-bank-HDBK,HDFC Bank CEO Sashidhar Jagdishan raises concerns over funding risk post merger at AGM,"He added that the net interest margins (NIM) for the bank will drop September quarter onwards as the mortgage book of Housing Development Finance Corp (HDFC) carries a lower spread. 
"
199,2023-08-11 15:59:34,hdfc-bank-HDBK,"Post merger, HDFC Bank can offer higher credit growth opportunities to the nation, says chairman","HDFC Bank merger with HDFC Ltd. to benefit national economy with higher credit growth, larger financial products & higher flows into affordable housing, agriculture & MSMEs, said Atanu Chakraborty, Part-time Chairman & Independent Director, HDFC Bank Ltd. at AGM. Bank to offer home loan product, low cost of funds & full suite of financial products like life insurance, general insurance, health insurance & investment products."
200,2023-08-11 11:01:45,hdfc-bank-HDBK,"Stock markets decline for 2nd day on losses in pvt banks, weak global trends","Sensex, Nifty fall for second day due to losses in HDFC Bank, ICICI Bank & negative trend in Asian, European markets. RBI's liquidity absorption measures & hawkish stance on inflation weighed on domestic market sentiments. FIIs bought equities worth ₹331.22 crore. Brent crude declined 0.57% to USD 85.91/barrel. BSE benchmark fell 0.47% to 65,688.18; Nifty declined 0.46% to 19,543.10."
202,2023-08-11 06:57:25,hdfc-bank-HDBK,"Sensex, Nifty Fall As RIL, ICICI Bank, HDFC Bank Drag: Midday Market Update","India's benchmark stock indices drifted lower on Friday, dragged by losses in pharma and private-banking stocks.

As of 12:21 p.m., the S&P BSE Sensex was 308 points, or 0.47%, lower at 65,379.78, while the NSE Nifty 50 fell 94 points, or 0.48%, to 19,448.85."
203,2023-08-11 00:40:00,hdfc-bank-HDBK,"Day trading guide for Aug 11, 2023: Intraday supports, resistances for Nifty50 stocks","The Day Trading Guide gives you the key intraday supports and resistances to watch out for on the Nifty Futures and other widely traded stocks such as Reliance Industries, Infosys, HDFC Bank, TCS, and SBI. Based on the trend, it also gives intraday trade recommendations with specific entry as well as stop-loss levels. The mentioned resistances and supports will be the exit levels. Do note that the recommendations are based on Technical Analysis and there is a risk of loss in trading."
204,2023-08-10 12:00:20,hdfc-bank-HDBK,"Stock Market Today: Sensex, Nifty Decline As HDFC Bank, ICICI Bank Drag After RBI Imposes ICRR","The S&P BSE Sensex closed down 308 points, or 0.47%, at 65,688.18, while the NSE Nifty 50 was 90 points, or 0.46%, lower at 19,543.10."
206,2023-08-10 00:40:00,hdfc-bank-HDBK,"Day trading guide for Aug 10, 2023: Intraday supports, resistances for Nifty50 stocks","The Day Trading Guide gives you the key intraday supports and resistances to watch out for on the Nifty Futures and other widely traded stocks such as Reliance Industries, Infosys, HDFC Bank, TCS, and SBI. Based on the trend, it also gives intraday trade recommendations with specific entry as well as stop-loss levels. The mentioned resistances and supports will be the exit levels. Do note that the recommendations are based on Technical Analysis and there is a risk of loss in trading."
207,2023-08-09 00:30:00,hdfc-bank-HDBK,"Day Trading Guide For August 09: Intraday supports, resistances for Nifty50 stocks","Day Trading Guide gives you the key intraday supports and resistances to watch out for on the Nifty Futures and other widely traded stocks such as Reliance Industries, Infosys, HDFC Bank, TCS, SBI. Based on the trend, it also gives intraday trade recommendations with specific entry as well as stop-loss levels. The mentioned resistances and supports will be the exit levels. Do note that the recommendations are based on Technical Analysis and there is a risk of loss in trading."
210,2023-08-08 05:30:15,hdfc-bank-HDBK,"Bank Nifty Prediction Today – August 08, 2023: Go long on a break above 45,250","Bank Nifty July Futures trading higher, up 0.34%. Advance/decline ratio 10:2. Bank of Baroda up 2.93%, PNB 2%, HDFC Bank down 0.21%. Intraday resistance 45,100-45,130; support 44,780. August Futures up 0.54%, resistance 44,250; support 44,900. Go long on break above 45,250; exit at 45,480. Supports: 45,000, 44,900; resistance: 45,250, 45,500."
211,2023-08-08 03:38:56,hdfc-bank-HDBK,"Stocks to watch today: August 8, 2023","Voltas, Welspun Corp.HDFC Bank's weightage in FTSE Emerging All Cap Index to increase from 0.81% to 1.52% in 3 tranches. Qatar Investment Authority acquires 2.7% stake in Adani Green Energy for Rs 3,956 cr. Inox Wind promoter entity to offload Rs 500 cr stake in block deal. BEML Ltd receives Rs 3,177 cr order from BMRC. Godrej Consumer approves capex of Rs 900 cr for new sites. RailTel Corp gets order worth Rs 700 cr from Pimpri Chinchwad. 63 Moons, Aarti Industries, Adani Ports, ADC India, Artemis Medicare, Birla Corp, Brigade Enterprises, Coal India, Data Patterns, Dhampur Sugars, Dish TV, EIH Hotel, Essar Shipping, GE T&D, Gujarat State Fertilisers, Gujarat Alkalies, Happiest Minds, Hikal, Hindalco, Ircon Intl, IdeaForge, Infibeam, Oil India, ITDC, Jet Airways, Jindal Hotels, Jain Irrigation, Kanoria Chemicals, Linde India, Mangalam Cement, Madhani, MT Educare, Nirlon, Phoenix, PNC, Prestiege, Radiant CMS, Religare, Siemens, SMS Pharma, Star Cement, Subros, Subex, Sudarshan Chemicals, Suven Pharma, Talbros, Tasty Bites, Utkarsh Small Finance Bank, Voltas, Welspun Corp announce results."
212,2023-08-08 08:34:43,hdfc-bank-HDBK,"Stocks to Watch: Adani Green, Coal India, HDFC Bank, PB Fintech, Adani Ports, and Others - News18","Stocks to watch: Shares of firms like Adani Green, Coal India, HDFC Bank, PB Fintech, Adani Ports, and others will be in focus on Tuesday's trade."
214,2023-08-08 01:00:00,hdfc-bank-HDBK,"Day trading guide for Aug 08, 2023: Intraday supports, resistances for Nifty50 stocks","The Day Trading Guide gives you the key intraday supports and resistances to watch out for on the Nifty Futures and other widely traded stocks such as Reliance Industries, Infosys, HDFC Bank, TCS, and SBI. Based on the trend, it also gives intraday trade recommendations with specific entry as well as stop-loss levels. The mentioned resistances and supports will be the exit levels. Do note that the recommendations are based on Technical Analysis and there is a risk of loss in trading."
217,2023-08-09 13:08:14,hdfc-bank-HDBK,"HDFC Bank, Axis Bank, ICICI Bank & Bajaj Finance among Deven Choksey’s top stock picks","Top stock picks for today: Deven R Choksey on Monday told BT TV that if the economy has to move to $5 trillion mark in the next 3 to 5 years, banking and finance companies with a larger balance sheet would remain extremely effective preposition.
"
218,2023-08-07 10:54:22,hdfc-bank-HDBK,"HDFC Bank stock may outperform Nifty Bank, IndusInd Bank shares may do well","On the weekly chart, the index has formed a bearish candle and has closed at 4,4879.50 levels. This bearish candle is a break on the bullish momentum"
220,2023-08-07 05:48:40,hdfc-bank-HDBK,Cyrus Poonawalla Group Appoints Keki Mistry As Adviser For Financial Arm,"Cyrus Poonawalla Group has appointed Keki Mistry as the strategic advisor to all financial services ventures led by Adar Poonawalla, according to an official statement."
222,2023-08-06 11:23:22,hdfc-bank-HDBK,HDFC Bank’s Sashidhar Jagdishan Highest Paid Bank CEO In FY23 With Rs 10.55 Crore Pay,"Jagdishan's colleague Kaizad Bharucha, the deputy managing director of the largest private sector lender, drew Rs 10 crore for the fiscal year and may be the second-highest grossing banker in the country, according to disclosures made in annual reports."
223,2023-08-05 15:32:13,hdfc-bank-HDBK,"Apple Days sale begins on Vijay Sales: Massive discounts iPhone 14, iPhone 14 Plus, MacBooks and iPads","Vijay Sales is hosting an Apple Days sale with special deals on Apple products, including discounted prices on the iPhone 14, MacBook series, iPads, and more. Customers can save up to Rs 37,000 on the iPhone 14 and enjoy cash back offers with HDFC Bank cards, making it the perfect time to upgrade your tech game with Apple's latest devices."
225,2023-08-04 16:35:32,hdfc-bank-HDBK,IRDAI allows insurers to hold HDFC investments till maturity,". IRDAI clarifies bonds/debentures held by insurers in HDFC as on April 4, 2022 will be treated as investments in 'housing and infrastructure' till maturity. Exemption from single investee equity exposure norms for ULIPs with respect to HDFC Bank (post-merger) till June 30, 2024 granted."
226,2023-08-04 16:21:49,hdfc-bank-HDBK,IRDAI allows insurers’ holdings in erstwhile HDFC’s bonds to be classified as is till maturity,"Further, insurance companies have been exempted from complying with the single investee equity exposure and investment regulation norms, with respect to shares of HDFC Bank "
230,2023-08-04 11:07:18,hdfc-bank-HDBK,"Markets halt 3-day losing run; Sensex, Nifty settle nearly 1% higher","Sensex & Nifty end 3-day losing streak, close 1% higher on gains in HDFC Bank, Reliance & Infosys. IndusInd Bank biggest gainer; SBI, NTPC, Maruti, Bajaj Finserv, Tata Motors & Power Grid laggards. Global markets mostly firm; India's services sector growth hits 13-year high. FIIs offload Rs 317.46 cr on Thursday; Brent crude climbs 0.62%."
231,2023-08-04 00:40:00,hdfc-bank-HDBK,"Day trading guide for Aug 04, 2023: Intraday supports, resistances for Nifty50 stocks","The Day Trading Guide gives you the key intraday supports and resistances to watch out for on the Nifty Futures and other widely traded stocks such as Reliance Industries, Infosys, HDFC Bank, TCS, and SBI. Based on the trend, it also gives intraday trade recommendations with specific entry as well as stop-loss levels. The mentioned resistances and supports will be the exit levels. Do note that the recommendations are based on Technical Analysis and there is a risk of loss in trading."
233,2023-08-03 10:59:53,hdfc-bank-HDBK,"SBI, HDFC Bank & Minda Corporation: Here’s what Vinit Bolinjkar of Ventura Securities says on these 3 stocks","Top stock picks for today: In the PSU bank pack, Vinit Bolinjkar on Thursday told BT TV that State Bank of India (SBI) would be among the top in his list, given that the stock ""looked extremely undervalued"". He suggested to 'Buy the dip'. In the private lending space, Bolinjkar opted for HDFC Bank and mentioned that investors may consider adding these two select banking stocks to their portfolio.
"
234,2023-08-03 12:03:57,hdfc-bank-HDBK,"Stock Market Today: Sensex, Nifty Extend Decline To Third Day As ICICI, HDFC Bank Drag","The S&P BSE Sensex Index closed down 542 points or 0.82% at 65,240.68 while the NSE Nifty 50 Index was 145 points or 0.74% lower at 19,381.65."
236,2023-08-03 10:59:20,hdfc-bank-HDBK,"Stock Market Highlights: Sensex, Nifty Gainers And Losers — Aug. 3","Adani Enterprises Ltd., Adani Ports and Special Economic Zone Ltd., Eicher Motors Ltd., Infosys Ltd. and Sun Pharmaceutical Industries Ltd. were positively adding to changes in the Nifty.

HDFC Bank Ltd., ICICI Bank Ltd., ITC Ltd., Reliance Industries Ltd. and Tata Consultancy Services Ltd. were weighing the index down."
238,2023-08-03 04:43:35,hdfc-bank-HDBK,"Markets fall in early trade on weak global trends, foreign fund outflows","Equity indices fall for 3rd day; Sensex down 300 pts; Titan reports 4.3% drop in net profit; Sun Pharma, NTPC, HDFC Bank, L&T gain; Asian markets, US markets, Brent crude down; FIIs offload equities worth Rs 1,877.84 cr."
239,2023-08-03 00:35:00,hdfc-bank-HDBK,"Day trading guide for Aug 03, 2023: Intraday supports, resistances for Nifty50 stocks","The Day Trading Guide gives you the key intraday supports and resistances to watch out for on the Nifty Futures and other widely traded stocks such as Reliance Industries, Infosys, HDFC Bank, TCS, and SBI. Based on the trend, it also gives intraday trade recommendations with specific entry as well as stop-loss levels. The mentioned resistances and supports will be the exit levels. Do note that the recommendations are based on Technical Analysis and there is a risk of loss in trading."
241,2023-08-02 12:08:18,hdfc-bank-HDBK,"Stock Market Today: Sensex, Nifty Fall Most In A Week As HDFC Bank, RIL, ICICI Bank Drag","The S&P BSE Sensex Index closed down 676.53 points or 1.02% at 65,782.78 while the NSE Nifty 50 Index was 207 points or 1.05% lower at 19,526.55."
243,2023-08-02 00:33:00,hdfc-bank-HDBK,"Day trading guide for Aug 02, 2023: Intraday supports, resistances for Nifty50 stocks","The Day Trading Guide gives you the key intraday supports and resistances to watch out for on the Nifty Futures and other widely traded stocks such as Reliance Industries, Infosys, HDFC Bank, TCS and SBI. Based on the trend, it also gives intraday trade recommendations with specific entry as well as stop-loss levels. The mentioned resistances and supports will be the exit levels. Do note that the recommendations are based on Technical Analysis and there is a risk of loss in trading."
246,2023-08-01 00:35:00,hdfc-bank-HDBK,"Day trading guide for August 01, 2023: Intraday supports, resistances for Nifty50 stocks","The Day Trading Guide gives you the key intraday supports and resistances to watch out for on the Nifty Futures and other widely traded stocks such as Reliance Industries, Infosys, HDFC Bank, TCS and SBI. Based on the trend, it also gives intraday trade recommendations with specific entry as well as stop-loss levels. The mentioned resistances and supports will be the exit levels. Do note that the recommendations are based on Technical Analysis and there is a risk of loss in trading."
249,2023-07-31 05:22:05,hdfc-bank-HDBK,HDFC Bank’s shares surge as FPI ownership hits a record,"The latest data indicates a surge, compared to the 32 per cent shareholding recorded in the corresponding quarter of the previous fiscal year. “So, with its relative valuation (compared to other global banks) and growth opportunities in India, HDFC Bank is naturally the top choice for FPIs,” said Kranthi Bathini, Director - Equity Strategy, at WealthMills Securities"
251,2023-07-30 13:07:09,hdfc-bank-HDBK,FPIs’ shareholding in HDFC Bank reaches record high; private banks attract foreign investments,"Foreign portfolio investors (FPIs) increased their stake in HDFC Bank to a record 54% by the end of June 2023, showing strong interest in India’s largest private bank after its merger with HDFC Ltd. Private sector banks, including Yes Bank and IDFC First Bank, witnessed increased FPI investment, reflecting confidence in the sector’s growth and management."
256,2023-07-28 13:21:59,hdfc-bank-HDBK,"HDFC Bank, Swiggy Join Hands To Launch New Credit Card Offering Exciting Benefits - News18","The cashback will be deposited as Swiggy Money to the user’s account which can only be used for transactions across the Swiggy platform.
"
257,2023-07-28 05:54:30,hdfc-bank-HDBK,"Bank Nifty prediction today – Jul 28, 2023: Higher probability of a fall","Bank Nifty index opens with a gap-down, declines 0.5% during the day. Market breadth is neutral with half of the stocks in green and half in red. Federal Bank gains 1.3%, HDFC Bank loses 1%. Nifty PSU Bank index up 0.4%, Nifty Private Bank index down 0.25%. Bank Nifty futures show a confirmed double top pattern with support at 45,350. Trading strategy suggests short positions at 45,700 and 45,850 with stop-loss at 46,100 and target at 45,350."
258,2023-07-28 00:35:00,hdfc-bank-HDBK,"Day trading guide for July 28, 2023: Intraday supports, resistances for Nifty50 stocks","The Day Trading Guide gives you the key intraday supports and resistances to watch out for on the Nifty Futures and other widely traded stocks such as Reliance Industries, Infosys, HDFC Bank, TCS and SBI. Based on the trend, it also gives intraday trade recommendations with specific entry as well as stop-loss levels."
260,2023-07-27 11:13:03,hdfc-bank-HDBK,"Sensex falls 440 points, Nifty tests 19,650","Equity indices Sensex & Nifty fell on July 27 due to heavy selling of bellwether stocks HDFC Bank, M&M, Nestle & Reliance Industries. Interest rate hike by U.S. Fed failed to boost sentiments. "
261,2023-07-27 12:39:08,hdfc-bank-HDBK,"Stock Market Today: Sensex, Nifty Fall As HDFC Bank, M&M, ITC Drag; Pharma Stocks Advance","The S&P BSE Sensex Index closed down 440 points or 0.66% at 66,266.82 while the NSE Nifty 50 Index was 118 points or 0.60% lower at 19,659.90."
264,2023-07-27 00:32:30,hdfc-bank-HDBK,"Day Trading Guide for July 27, 2023","Day Trading Guide gives you the key intraday supports and resistances to watch out for on the Nifty Futures and other widely traded stocks, such as Reliance Industries, Infosys, HDFC Bank, TCS, and SBI. "
265,2023-07-26 13:12:08,hdfc-bank-HDBK,Swiggy and HDFC Bank Launch Co-Branded Credit Card with Exciting Cashback Offers and Benefits,"Swiggy & HDFC Bank partner to launch co-branded credit card offering 10 per cent cashback on Swiggy & 5 per cent on other platforms. Customers get 1 per cent cashback on other spending and 3-month free Swiggy One membership. Cardholders enjoy World Tier Mastercard benefits like free stay & dine, loyalty memberships & more. Apply via Swiggy app or HDFC Bank website."
266,2023-07-26 15:25:04,hdfc-bank-HDBK,HDFC Bank Partners With Dvara KGFS for Co-Lending Loans to Micro Enterprises - News18,"Dvara KGFS, a Chennai-based NBFC, has entered into a co-lending partnership with HDFC Bank to provide capital to micro business"
269,2023-07-26 04:41:52,hdfc-bank-HDBK,Big banks locked in ‘war’ for large corporate loans,"India's top four banks (SBI, HDFC Bank, Bank of Baroda, Axis Bank) could account for ~60% of fresh lending to India Inc. Rates for large corporates are competitive, creating a price war since Sep 2021. AAA-rated entities can borrow at 8-8.5% while A-rated entities at 8.5-8.75%. G-Sec rates are 7.07-7.15%. Banks are vying for other business, such as transaction banking, to make up for low loan pricing."
270,2023-07-26 00:30:00,hdfc-bank-HDBK,"Day Trading Guide for July 26, 2023: Intraday supports, resistances for Nifty50 stocks","Day Trading Guide gives you the key intraday supports and resistances to watch out for on the Nifty Futures and other widely traded stocks, such as Reliance Industries, Infosys, HDFC Bank, TCS, and SBI."
271,2023-07-25 15:21:46,hdfc-bank-HDBK,"Dvara KGFS, HDFC Bank in co-lending pact to support micro businesses in rural India","Dvara KGFS, a Chennai-based NBFC, has entered into a co-lending partnership with HDFC Bank to provide capital to micro business units operating primarily in the unorganised sector"
272,2023-07-25 15:07:08,hdfc-bank-HDBK,Dvara KGFS enters into pact with HDFC Bank for co-lending,‘Tie-up to enhance capabilities in empowering micro businesses operating in rural areas’
273,2023-07-25 12:51:38,hdfc-bank-HDBK,"Stock Market Today: Sensex, Nifty End Mixed As ITC, Asian Paints Drag; HDFC Bank, Tata Steel Lead","The S&P BSE Sensex Index closed down 29 points or 0.04% at 66,355.71 while the NSE Nifty 50 Index was 8 points or 0.04% higher at 19,680.60."
275,2023-07-25 10:43:47,hdfc-bank-HDBK,"Posing As HDFC Bank Employees, Scammers Cheat Bhopal Dentist Of Rs 10 Lakh - News18","The accused impersonated a bank employee when they contacted the dentist from Bhopal, tricking him into revealing his account details.
"
