Date,Headlines,Description,labels,scores
2023-11-02 11:31:55,Stock markets rebound after two days of fall amid global rally,"IndusInd Bank, Tata Steel, Tata Motors, Sun Pharma, Infosys, Mahindra & Mahindra, Infosys, NTPC, Bharti Airtel, HCL Technologies and Axis Bank were the biggest gainers.",neutral,0.7573227286338806
2023-10-31 11:18:09,Markets snap two-day gain; settle lower,"Equity indices end lower on Oct 31 due to foreign fund outflows, Middle East tensions and US Fed rate decision; Sensex down 237.72 pts & Nifty 61.30 pts; Major laggards: M&M, Airtel, ICICI Bank, IndusInd Bank, RIL, Axis Bank & HDFC Bank; Major gainers: Titan, Kotak Mahindra Bank, Asian Paints, HCL Tech, Tech Mahindra, NTPC, Nestle and Power Grid; Asian markets mixed, European markets in green and US markets higher",negative,0.9676675200462341
2023-10-30 04:55:30,"Sensex, Nifty fall in early trade on continuous foreign fund outflows, sluggish trend in global markets","Equity indices fall in early trade; Sensex down 179 points. Major laggards: Tata Motors, M&M, Maruti, Power Grid, Bajaj Finance, L&T, Titan, Axis Bank. Gainers: RIL, Tech Mahindra, UltraTech Cement, TCS.",negative,0.9662485718727112
2023-10-27 12:24:10,"Stock Market Today: Sensex, Nifty Snap Six-Day Losing Streak; RIL, Axis Bank, Infosys Lead","India's benchmark stock indices advanced over 1% on Friday after declining for six consecutive day following geopolitical uncertainties stemming from the Israel-Hamas war and resultant rise in crude prices, coupled with higher-for-longer U.S. rates. ",negative,0.6846218109130859
2023-10-27 11:26:40,"Sensex, Nifty rebound over 1% after six sessions of losses","Sensex and Nifty rebound 1% on value buying & better-than-expected Q2 results. Sensex rise 634.65 points & Nifty 202.45 points. Axis Bank, HCL Tech, SBI, NTPC, Tata Motors, Nestle India, and Infosys gained",positive,0.9433450102806091
2023-10-26 11:37:29,"Axis Bank Q2 Profit Rises 10% YoY, Beats Estimates; Should You Buy, Sell Or Hold? - News18",Axis Bank's asset quality improved further during the quarter under review; Should you buy Axis Bank shares?,positive,0.8463455438613892
2023-10-26 08:43:02,"Stocks to Watch: Asian Paints, Axis Bank, Voda Idea, Tech Mahindra, ACC, and Others - News18","Stocks to watch: Shares of firms like Asian Paints, Axis Bank, Voda Idea, Tech Mahindra, ACC, and others will be in focus on Thursday's trade.",neutral,0.915039598941803
2023-10-26 02:44:14,Axis Bank Q2 Results Review - Deposit Mobilsation Remains Key Focal Point: Systematix,"Axis Bank Ltd. reported Q2 FY24 earnings of Rs 58.6 billion (+10% YoY, +1% QoQ), which was in-line with expectations of Rs 57.8 billion. While net interest income was in-line, lower other income was offset by lower provisions. We introduce FY26 estimates, rollover forecasts to December 2025 and maintain our 'Buy' rating with Dec-24 target price of Rs 1,125 (versus 1,120).

We value Axis Bank at 1.85 times Dec-25 adjusted book value per share. While we continue to expect higher slippage ratio and credit costs over the forecast period,  ",negative,0.5075129866600037
2023-10-25 16:40:52,"Axis Bank Q2 Net Profit Rises 10% To Rs 5,863 Cr - News18","Shares of Axis Bank closed at Rs 955.35 on Wednesday, down 0.84 per cent over previous close on the BSE.",negative,0.9751818776130676
2023-10-25 13:34:28,Axis Bank Q2 Results: Profit Rises 10%,"Axis Bank Ltd.'s profit rose 10% year-on-year in the July-September quarter on higher core income, in line with analysts' estimates. However, higher provisions during the quarter affected net profit.

The private sector lender's net profit rose to Rs 5,864 crore, as compared with Rs 5,330 crore a year ago, according to an exchange filing. Analysts polled by Bloomberg estimated a net profit of Rs 5,754 crore for the second quarter. ",positive,0.9517561197280884
2023-10-25 08:48:01,"Stocks to Watch: Axis Bank, Tech M, Vedanta, Delta Corp, ONGC, Torrent Pharma, and Others - News18","Stocks to watch: Shares of firms like Axis Bank, Tech M, Vedanta, Delta Corp, ONGC, Torrent Pharma, and others will be in focus on Wednesday's trade.",neutral,0.9089767336845398
2023-10-23 15:40:08,"Axis Bank, Tech Mahindra, Indus Towers Q2 Results Today — Earnings Estimates","According to the average of analysts' estimates calculated by Bloomberg, Axis Bank could report a net profit of Rs 5,754.4 crore in the quarter under review.",neutral,0.9128514528274536
2023-10-22 12:13:38,"Q2 Results 2023 this week: RIL, Axis Bank, TechM, Maruti Suzuki India, BPCL, and more","Q2 results 2023 news: Apart from the Dussehra stock market holiday, widely tracked companies such as Reliance Industries and Maruti Suzuki will declare their earnings this week. ",neutral,0.799421489238739
2023-10-19 10:59:54,"Sensex, Nifty fall for second straight session on weak global trends","Equity indices fall for 2nd day; Wipro's weak earnings, FII outflows weigh. Nifty down 0.24% to 19,624.70 pts. Wipro's net profit flat, Nestle's up 37.28%. Major laggards: Wipro, NTPC, Tech Mahindra, JSW Steel. Gainers: UltraTech Cement, IndusInd Bank, L&T, Axis Bank. Global markets in red; Brent crude down 1.99%. FIIs offloaded ₹1,831.84 cr.",negative,0.9683504700660706
2023-10-13 16:07:25,"Sensex Ends 126 pts Lower; Nifty Below 19,750; Tata Motors Jumps 5%, Infy Slides 2% - News18","Infosys was the major loser, down over 2 per cent. Axis Bank, Wipro, Tech Mahindra, ICICI Bank and SBI were the other prominent losers",negative,0.958827555179596
2023-10-13 14:43:20,"Risk of Indian banks’ unsecured retail loans turning sour is rising, UBS says","Risk of unsecured retail loans rising in India: UBS. Banks' unsecured loan portfolios have grown as pandemic-induced stress on household finances eases. UBS sees higher probability of regulatory tightening on unsecured loans. UBS has cut ratings on SBI and Axis Bank, raised credit cost forecasts. Favors HDFC Bank and IndusInd Bank.",negative,0.9550116062164307
2023-10-05 07:00:23,"Axis Bank, IDBI Bank, Kotak Mahindra Bank Revises Fixed Term Deposit Rates; Check Latest Update - News18",FD interest rates are updated by banks on a regular basis.,neutral,0.9379943013191223
2023-09-29 05:40:03,"Sensex, Nifty recover in early trade, lifted by firm trend in global markets","Mkt rebound after 1% fall; Sensex up 235 pts; Nifty 76 pts; NTPC, Tata Motors, JSW Steel, Tata Steel, SBI, L&T, RIL, Sun Pharma, Airtel, ITC gain; Infosys, Wipro, Asian Paints, HCL Tech, TCS, Axis Bank lag; Global cues, rising interest rate, US dollar, bond yields, crude oil prices to impact intra-day.",positive,0.505950927734375
2023-09-28 09:45:20,"Sensex, Nifty Open Higher; L&T, Axis Bank, Tata Steel Top Performing; Rupee Edges Up - News18","Tech Mahindra, Asian Paint, Bajaj Finance, Hindustan Unilever and ITC were the laggards down up to 2.5 per cent, in the early morning trade",negative,0.9714215993881226
2023-09-28 06:26:46,"Sensex, Nifty trade lower after early gains","Domestic stock markets opened higher but later gave up gains due to muted global trends, FII outflows and derivatives expiry. Sensex and Nifty traded lower, with Larsen & Toubro, JSW Steel, Axis Bank, Tata Steel, Sun Pharma and State Bank of India being the biggest gainers.",negative,0.9682724475860596
2023-09-26 16:15:57,World Travel On Credit! Report Shows Big Increase In Loan & Card Applications - News18,"Axis Bank Vistara credit card, American Express Platinum Travel card, and SBI ELITE card emerge as top choices for travellers on IndiaLends' platform",positive,0.5547426342964172
2023-09-26 07:42:56,"Sensex, Nifty fall on weak Asian stocks, foreign fund outflows","Equity indices fall in early trade; Asian markets, FII outflows, higher crude prices weigh. Sensex down 98.14 points, Nifty 18.75 points. Asian Paints, Kotak Mahindra, Tech Mahindra, TCS, Infosys, Axis Bank major laggards",negative,0.966478705406189
2023-09-22 15:25:14,BQ Banking Unlimited | Advancing The Banking Ecosystem,"BQ Banking Unlimited | Advancing The Banking Ecosystem #BQBankingUnlimited | Axis Bank's Rajiv Anand and Kotak Mahindra Bank's Shanti Ekambaram talk about the advancement of the banking ecosystem, in conversation with Vishwanath Nair.",neutral,0.7231746315956116
2023-09-22 09:30:11,Axis Bank & Bank of America On India’s Inclusion In JPMorgan’s Bonds Index,Axis Bank & Bank of America On India’s Inclusion In JPMorgan’s Bonds Index,neutral,0.910628616809845
2023-09-20 05:38:14,"Sensex, Nifty fall in early trade on weak global trends ahead of U.S. Fed interest rate decision","Mumbai equity benchmarks fell on Sept 20 due to weak global trends ahead of U.S. Fed's rate decision. HDFC Bank, Reliance Industries, Bharti Airtel, Maruti, Titan & HUL were major laggards. NTPC, IndusInd Bank, Axis Bank & Mahindra & Mahindra were gainers. ",negative,0.9707881808280945
2023-09-06 14:22:32,Nifty 50 Top 5 Gainers & Losers Today,The top 5 gainers and losers on the Nifty today along with sectoral indices.,negative,0.5740969777107239
2023-09-01 12:37:40,"Stock Market Today: Sensex, Nifty Log Gains As ICICI, Axis Bank Lead; Metals, Oil & Gas Stocks Rise","The S&P BSE Sensex closed up 556 points, or 0.86%, at 65,387.16, while the NSE Nifty 50 was 182 points, or 0.94%, higher at 19,435.30.",positive,0.9071146249771118
2023-08-30 06:56:43,"Sensex, Nifty Trade Higher As Infosys, Axis Bank, RIL Lead: Midday Market Update","As of 12:08 p.m., the S&P BSE Sensex was up 343 points, or 0.53%, at 65,418.48, while the NSE Nifty 50 was 100 points, or 0.52%, higher at 19,443.
Infosys Ltd., Axis Bank Ltd., Reliance Industries Ltd., ITC Ltd. and Tata Consultancy Services Ltd. were positively adding to the change in the Nifty.
Power Grid Corp., Bharat Petroleum Corp., State Bank of India, Dr Reddy's Laboratories Ltd. and Coal India Ltd. were negatively contributing to the change.",positive,0.5475741624832153
2023-08-23 05:15:32,"Sensex, Nifty pare early gains; trade lower on sustained foreign fund outflows","Mkt indices open higher but pare gains; Tata Steel, Axis Bank, JSW Steel, Infosys, TCS, RIL gain; Jio Fin Svcs, Airtel, ITC, Kotak Mahindra Bank, IndusInd Bank, M&M lag. Tokyo, HK up; Seoul, Shanghai down. US mkt mixed. No triggers. FIIs offload equities. BSE ekes out marginal gain; Nifty inched up.",positive,0.7515801191329956
2023-08-23 05:06:31,Markets pare early gains; trade lower amid continuous foreign fund outflows,"Mumbai bourses open on a high but pare gains; Sensex down 76.55 pts. Nifty at 19,376.35. Tata Steel, Axis Bank, JSW Steel, Infosys, TCS, RIL, UltraTech Cement & NTPC gainers; Jio Financial Services, Bharti Airtel, ITC, Kotak Mahindra Bank, IndusInd Bank & M&M laggards. Tokyo & Hong Kong up, Seoul & Shanghai down. No immediate triggers, investors wait for U.S. data. FIIs offload equities worth ₹495.17 cr. BSE benchmark up 3.94 pts, Nifty up 2.85 pts.",negative,0.8223696351051331
2023-08-23 03:55:40,"Cleartrip enters bus segment, to add railways soon","Cleartrip expands offerings, entering bus segment & plans to add railways. Aiming for 50% growth rate, it has made substantial investments in tech & marketing. It has partnered with Axis Bank to offer exclusive benefits to credit card holders. With Flipkart acquisition, it is set to establish presence across various segments in next 12-24 months.",positive,0.8410080671310425
2023-08-22 05:35:46,"Sensex, Nifty make gains in early trade on firm global trends"," Equity benchmarks in India extend previous day's rally; NTPC, M&M, ITC, Tata Motors, Axis Bank, Bajaj Finserv, JSW Steel, L&T gain; Jio Financial Services, TCS, Infosys, Titan lag; US markets, Brent crude, FII inflows influence Indian markets.",positive,0.9019460678100586
2023-08-22 04:13:43,Government Appoints Axis Bank’s Neelkanth Mishra As Part-Time UIDAI Chairperson,"The Union government has appointed Neelkanth Mishra, chief economist at Axis Bank Ltd., as part-time chairperson of the Unique Identification Authority of India.

It also appointed Prof. Mausam, associate professor of computer science department at IIT Delhi, and Nilesh Shah, managing director at Kotak Mahindra Asset Management Co., as part-time UIDAI members, according to a notification by the Ministry of Electronics and Information Technology on Tuesday.",neutral,0.9033498764038086
2023-08-21 05:03:57,Markets climb in early trade after two days of decline,"Equity indices rebound in early trade; Sensex up 145 pts; Nifty gains 45 pts; Power Grid, NTPC, JSW Steel, HCL Tech, Wipro, TCS, Axis Bank, Tech Mahindra, Tata Steel, Tata Motors gain; Mahindra & Mahindra, Maruti, HUL, Bajaj Finserv lag; Asian markets mixed; US markets end mixed; FIIs offload equities; Brent crude up 0.81%.",positive,0.8968477249145508
2023-08-21 07:49:26,"Stocks to Watch: IDBI Bank, Jio Financial, Axis Bank, Ashok Leyland, Titan, and Others - News18","Stocks to watch: Shares of firms like IDBI Bank, Jio Financial, Axis Bank, Ashok Leyland, Titan, and others will be in focus on Monday's trade.",neutral,0.9023510217666626
2023-08-23 07:46:03,Gun jumping: CCI slaps ₹40 lakhs penalty on Axis Bank,CCI imposes ₹40 lakh penalty on Axis Bank for failing to notify CCI of its 9.91% stake buy in CSC e-Governance. CCI rejected Axis Bank's submission of a bona fide error in assessing the applicability of the De Minimis exemption. The law stipulates that a merger cannot come into effect until 210 days have passed from the date of notifying CCI or until approval by CCI. High fines have been imposed by competition authorities for 'gun jumping' worldwide.,negative,0.9369946718215942
2023-08-17 16:24:07,"Axis Bank to provide Kisan Credit Card, unsecured MSME loans via RBI’s Public Tech Platform","Days after the Reserve Bank of India (RBI) announced a Pilot for Public Tech Platform for Frictionless Credit (PTPFC), Axis Bank Ltd. has announced the introduction of two lending products--Kisan Credit Card (KCC) and unsecured MSME loans--to small business customers which will be processed through this platform.",neutral,0.527160108089447
2023-08-17 09:13:05,Max Life Insurance eyeing double digit growth in new business premium this fiscal,"Max Life Insurance, a private life insurer, is aggressively expanding with a plan focused on channels, growth, new distribution, and new product launches. Capital raise of ₹ 1612 crore from Axis Bank will help deliver double digit growth in new business premium. Expansion includes 100 new offices in Tier-2 cities, 50,000 agent advisors, and ramping up banca play. Capital raise from Axis Bank will take solvency to 227%. Max Life may look at raising other forms of capital post two years.",positive,0.8764577507972717
2023-08-14 16:20:35,"ICICI Bank, Axis Bank may drag Nifty Bank bank lower this week: Sumeet Bagadia",PSU banks such as Punjab National Bank and IDBI Bank are expected to move higher and deliver decent gains this week.,positive,0.9503958225250244
2023-08-10 10:13:32,"Stocks in news: Tata Power, IRCTC, Pidilite, Suzlon Energy, LIC and more","Stocks to watch out for today: Bata India , Sula Vineyards, LIC, Pidilite, Grasim, Hero MotoCorp, Axis Bank, Suzlon Energy Tata Power, IRCTC and more     

",neutral,0.9091396331787109
2023-08-10 17:47:30,"Max Financial Services shares hit 52-week high on Axis Bank’s stake purchase, settle 9% higher. Tech analysts view","Max Financial Services share price: Axis Bank said it would raise its stake in insurer Max Life Insurance Company to 16.20 per cent from 9.99 per cent by infusing Rs 1,612 crore. Max Life Insurance is a joint venture between Max Financial Services and Axis Bank. Axis Bank along with its entities acquired a 12.99 per cent stake in Max Life in 2021 and through this new investment, they would own 19.02 per cent in the private insurer.",positive,0.9015112519264221
2023-08-10 02:28:30,"Stocks that will see action today: August 10, 2023",NCLT to decide on Zee-Sony merger; Happiest Minds to acquire digital cos; Suzlon to raise Rs 2K cr via QIP; Axis Bank to buy 6% stake in Max Life; L&T to acquire 26% stake in L&T Special Steel; Taylormade Renewables wins Rs 159 cr order; 21st Century Mgmt-WestCoast Paper to report results.,positive,0.7116867899894714
2023-08-10 03:46:43,"Stocks To Watch: Axis Bank, Zee, Suzlon Energy, Tata Power, IRCTC, Abbott, LIC, Hero MotoCorp, Torrent Power","U.S. stocks pushed away from session lows, with traders gearing up for inflation data that will help shape the outlook for the Federal Reserve’s next steps, Bloomberg reported.

The S&P 500 was trading 0.18% lower while the Dow Jones Industrial was down 0.01% as of 2:30 p.m. New York time. The Nasdaq traded 0.44% lower.  ",negative,0.9696188569068909
2023-08-09 15:33:41,Axis Bank to raise stake in Max Life via ₹16.12 bn investment,Proposed infusion by Axis Bank in Max Life to help it support its future growth ambitions,positive,0.8393139243125916
2023-08-09 15:04:18,"Axis Bank to pick up 6% more stake in Max Life for ₹1,612 crore","Axis Bank is looking to buy 6 per cent more stake in JV Max Life Insurance for ₹1,612 crore by way of preferential issue of 14.3 crore equity shares. ",neutral,0.8457925915718079
2023-08-09 13:36:14,Axis Bank To Acquire Additional 6.23% Stake In Max Life,"Private sector lender Axis Bank Ltd. has agreed to purchase an additional 6.23% stake in Max Life Insurance Co. for Rs 1,612 crore. 

The proposed transaction will be conducted through preferential allotment of shares, according to an exchange notification.",neutral,0.8408644199371338
2023-08-08 11:37:48,"Sensex, Nifty fall as cautious market awaits RBI monetary policy review, US inflation data","Mkt indices fall on cautious investor sentiment ahead of key events. BSE Sensex down 0.16%, NSE Nifty 0.13%. RBI MPC meeting to decide policy on Aug 10. Power Grid, M&M, JSW Steel, HCL Tech, Sun Pharma major laggards. Tech Mahindra, Wipro, Bajaj Finance, SBI, Bajaj Finserv, Axis Bank major gainers. Global cues, RBI policy, US inflation data to dictate trends. FII offloaded equities worth ₹1,892.77 cr.",negative,0.9562472105026245
2023-08-09 13:08:14,"HDFC Bank, Axis Bank, ICICI Bank & Bajaj Finance among Deven Choksey’s top stock picks","Top stock picks for today: Deven R Choksey on Monday told BT TV that if the economy has to move to $5 trillion mark in the next 3 to 5 years, banking and finance companies with a larger balance sheet would remain extremely effective preposition.
",neutral,0.5478036999702454
2023-08-07 11:01:14,"Sensex, Nifty extend gains on buying in M&M, Infosys, TCS, RIL"," BSE Sensex & NSE Nifty gain on buying in M&M, Infosys, TCS & RIL; FIIs offload equities worth Rs 556.32 cr. Sensex up 232.23 pts, Nifty 80.30 pts. M&M biggest gainer; SBI, Tata Motors, Axis Bank lag. Global markets mixed; Brent crude down 0.73%.",negative,0.6470233201980591
2023-08-01 02:16:37,Axis Bank Sees Fight for India Deposits Intensifying,"The battle for deposits among Indian lenders is unlikely to abate, a senior official at Axis Bank Ltd. said on Monday, with customers seeking higher returns on their investments.",positive,0.7066171169281006
2023-07-29 13:34:12,"Technical Analysis: Apollo Pipes, Axis Bank and Sunteck Realty","Apollo Pipes’ stock shows a bullish trend, with a potential rally expected. Consider buying at ₹722.50, add more at ₹706, and set a stop-loss at ₹690. Book profits at ₹770 or tighten stop-loss at ₹715 if it rises above ₹750. Axis Bank’s stock rally remains positive above trendline support at ₹925. Retain the buy at ₹900 with a stop-loss at ₹900, and consider exiting at ₹1,100. Consider going long in Sunteck Realty’s stock at ₹362, adding longs at ₹345, with an initial stop-loss at ₹320 and a target of ₹415. The stock remains bullish with potential for a rally.",neutral,0.8026053309440613
2023-07-28 14:19:04,"Axis Bank Updates Fixed Deposit Interest Rates, Posts Robust Q1FY24 Results - News18","For deposits maturing in 7 days to 45 days, the interest rate is 3.50%.
",neutral,0.9462885856628418
2023-07-27 17:25:39,ITR Deadline To Bank Holidays To Credit Card Changes: Here Are Key Financial Updates For August 2023 - News18,"Key Financial Updates For August 2023: Axis Bank is changing benefits for its co-branded Flipkart credit card, SBI special deposit scheme will close during the month, ITR filing will attract penalty",positive,0.7139349579811096
2023-07-27 05:47:42,Axis Bank Q1 Review - Mixed Results; NIMs To Moderate But Settle At Higher Levels Versus Past: Dolat Capital,"Axis Bank Ltd.'s margins at 4.1% (-12 basis points QoQ) benefitted from impact of Citi assets and higher credit-deposit ratio, despite adverse impact of rise in cost of fund. Axis Bank's operating profit was however hurt by elevated opex as increments and full impact of Citi employee costs had its bearing. Numbers are not comparable on a YoY/QoQ given the impact of merger.
The stock trades at a discount to peers and valuation gap should sustain in the interim. Valuations are nonetheless undemanding. 
Maintain 'Buy' with target price of Rs 1150 ",negative,0.9018718600273132
2023-07-27 05:20:11,Axis Bank Q1 Review: Operating Expenses To Stay Elevated Due To Citi Integration Costs,"Axis Bank’s first-quarter earnings were stable compared to market expectations, mainly driven by high core income and other income, according to analysts.

The private lender’s first-quarter net profit rose to Rs 5,797 crore, up 40.5% year-on-year, according to an exchange filing on Wednesday. That was close to market expectations as well. Net interest income increased 27.44% to Rs 11,959 crore from a year ago.",positive,0.9563684463500977
2023-07-27 05:10:00,Axis Bank Ltd.’s shares rise on Q1FY24 results,"Axis Bank's Q1 FY24 results show strong loan growth, leading to a notable increase in its quarterly net profit. NII reached ₹11,959 crore, growing 1.8% q-o-q and 27.4% y-o-y. Share price rose 0.12% to ₹981, despite elevated operational costs due to acquisition of Citi's consumer business. Analyst Shreyansh Shah expects smooth acquisition process to not affect bank's asset quality & bottom line.",positive,0.9559378623962402
2023-07-27 04:25:11,Axis Bank Q1 Results Review - Net Interest Margins Declined QoQ; Return On Asset At 1.8%: IDBI Capital,"Axis Bank credit growth stood improved to 22% YoY (Citi portfolio impact) led by growth across segments. Asset quality remains stable as gross non-performance asset stood at 1.96% vs led by seasonality. Outstanding Covid restructured assets stood at 0.21%  lower than its peers Net interest income grew  backed by improvement in net interest margins  
Pre-provision operating profit grew backed by lower cost to income ratio. Provisions increased due to higher slippages PAT grew 
Axis Bank  We maintained ‘Buy' rating with target price of Rs 1,140  ",positive,0.9551640748977661
2023-07-27 08:35:54,"Stocks to Watch: Tech M, RVNL, RIL, Axis Bank, RBL Bank, Nestle India, and Others - News18","Stocks to watch: Shares of firms like Tech M, RVNL, RIL, Axis Bank, RBL Bank, Nestle India, and others will be in focus on Thursday's trade.",neutral,0.9009831547737122
2023-07-27 02:50:48,"Stocks To Watch: Tech Mahindra, RIL, Axis Bank, Tata Consumer Products, Dr. Reddy’s Laboratories","U.S. stocks were trading mixed after the Federal Reserve raised key interest rates by 25 bps to the 5.25% to 5.5% range from , the highest level in 22 years.

The S&P 500 gained 0.18% in trade, while Dow Jones fell 0.05%. The Nasdaq also declined 0.53% as of 3:10 p.m. New York time. The gold spot price gained 0.45% to $1,973.78 and brent crude oil declined 0.85% to $82.93.",negative,0.9555293321609497
2023-07-26 15:56:11,"Axis Bank Q1 PAT up 41% on strong growth in other, net interest income",CFO Puneet Sharma said that the cost of funds have gone up by over 30 bps on year but rates on non-retail term deposits have plateaued and are expected to stabilise at the current levels,positive,0.9457021355628967
2023-07-26 14:24:34,"Axis Bank Q1 net profit rises 40% to ₹5,797 crore","Axis Bank posted 40.5% rise in Q1FY24 net profit to ₹5,797cr due to decline in bad loans & improved interest income. Total income rose to ₹30,644cr & NII to ₹11,959cr. Gross NPAs eased to 1.96% & net NPAs to 0.41%. Capital adequacy ratio declined to 17.08%.",negative,0.931892454624176
2023-07-26 15:14:57,Axis Bank Q1 Results: Net Profit Up 40.5%,"Private sector lender Axis Bank Ltd. reported a 40.5% year-on-year rise in net profit for the quarter ended June, owing to higher core income and other income.

The lender's net profit rose to Rs 5,797 crore in the first quarter, higher than the Rs 4,125 crore reported a year ago. ",positive,0.9515895247459412
2023-07-26 16:57:12,"Axis Bank Q1 Results: Net Profit Surges 41% YoY To Rs 5,797 Crore, NII Up 27% - News18","Axis Bank Q1 Results: Its gross NPA and net NPA levels as on June 30, 2023, stood at 1.96 per cent and 0.41 per cent, respectively, as against 2.02 per cent and 0.39 per cent as on March 31, 2023",neutral,0.4032539129257202
2023-07-26 10:46:30,"Sensex, Nifty close higher on foreign fund inflows, rally in US equities","Sensex & Nifty bounce back Weds. after buying in infra, banking & oil shares. L&T posts 36% rise in net profit. BSE Sensex up 351.49 pts & Nifty 97.70 pts. Major gainers: L&T, ITC, Reliance, Sun Pharma, Kotak Bank, Axis Bank, Infosys & SBI. Asian markets, Europe & US end in red/positive. FIIs buy equities worth ₹1,088.76 crore.",positive,0.9259184002876282
2023-07-26 04:41:52,Big banks locked in ‘war’ for large corporate loans,"India's top four banks (SBI, HDFC Bank, Bank of Baroda, Axis Bank) could account for ~60% of fresh lending to India Inc. Rates for large corporates are competitive, creating a price war since Sep 2021. AAA-rated entities can borrow at 8-8.5% while A-rated entities at 8.5-8.75%. G-Sec rates are 7.07-7.15%. Banks are vying for other business, such as transaction banking, to make up for low loan pricing.",neutral,0.7933894991874695
2023-07-26 09:04:35,"Stocks to Watch: Axis Bank, Tata Motors, SpiceJet, HCLTech, Jubilant Food, and Others - News18","Stocks to watch: Shares of firms like Axis Bank, Tata Motors, SpiceJet, HCLTech, Jubilant Food, and others will be in focus on Wednesday's trade.",neutral,0.9163467288017273
2023-07-24 10:28:38,Why Axis Bank Has Suspended Redemption Of Reward Points For Some Customers - News18,"The email said that some non-personal use of the credit card was observed, with the names of some merchants being mentioned.
",neutral,0.710143506526947
2023-07-21 23:38:38,Axis Bank to devalue Magnus Credit Card from September 1: All you need to know,"The card would lose its monthly milestone benefit of 25,000 points and the annual fee of Axis Magnus has also been increased from Rs 10,000 + GST to Rs 12,500 + GST",negative,0.6173451542854309
2023-07-20 15:36:18,Attrition rates in private banks jump to over 30% on increased competition,"Most players such as Axis Bank, Kotak Mahindra Bank and HDFC Bank have reported an increase in the turnover rates",positive,0.9303526878356934
2023-07-18 13:10:31,What’s the outlook for private banks? Here are insights from Temasek’s Ravi Lambah,"HDFC Bank is riding high with the reverse merger of parent HDFC Ltd, ICICI Bank is a turnaround story, Axis Bank is building a high-end portfolio, and AU SFB is the most diversified in the small finance pack.",positive,0.8717418313026428
2023-07-18 09:29:05,"Digital currency pilot gains pace; SBI, HDFC Bank step up campaigns","Banks are pushing CBDC, which has attracted over 1 million users & 262K merchants. It is interoperable with UPI/QR code, allowing customers to make payments in Digital Rupee. Banks like SBI, HDFC & ICICI are onboarding customers, while Axis Bank is asking customers to notify them. CBDC offers trust, safety & settlement finality, & can be used for G-Secs, B2G & P2G transactions.",neutral,0.8338689804077148
2023-07-18 00:12:51,"Stocks To Watch: Reliance Industries, Patanjali Foods, Maruti Suzuki, Infosys, Axis Bank, IDFC, Sheela Foam","Stocks to watch are Reliance Industries, Patanjali Foods, Maruti Suzuki, Infosys, Axis Bank, IDFC, Sheela Foam",neutral,0.9380200505256653
2023-07-15 03:50:53,"LGBTQIA+ Inclusion: Financial Sector Bats at The Forefront, Implementing Progressive Policies","India's finance industry is leading the way in LGBTQIA+ inclusion, with Axis Bank, Goldman Sachs, JP Morgan, Protium and Wells Fargo taking progressive steps to foster inclusivity. These companies offer mediclaim benefits, joint accounts, gender-inclusive policies, train-and-hire models, transgender internships, and gender-neutral harassment policies, empowering the community and providing valuable opportunities.",positive,0.6964629888534546
2023-07-14 18:16:34,Axis Bank devalues its co-branded credit card with Flipkart,"Expenditure on flight and hotels through Flipkart and on Myntra will now be eligible for 1.5 per cent unlimited cashback, down from 5 per cent earlier",negative,0.9653114676475525
2023-07-14 07:04:16,"Bank Nifty prediction today– Jul 14, 2023: Sell futures if it breaks the support at 44,750","Bank Nifty opened gap-up, testing support at 44,600. AU Small Finance Bank top gainer, Axis Bank top loser. Private banks outperforming PSU banks. Futures trading at 44,800, weak price action. Go short if contract falls below 44,750, stop-loss at 45,000. Profit booking at 44,400. Supports: 44,600 & 44,400, Resistances: 45,000 & 45,150.",negative,0.911959171295166
2023-07-13 10:54:29,"Sensex hits record high of 66,000 amid global rally and US CPI data; Infosys, ICICI Bank lead gains","Mumbai Benchmark stock indices hit all-time highs on Thurs. Sensex breached 66,000-mark, Nifty 19,413.75. Major gainers: TCS, Infosys, ICICI Bank, Axis Bank, Wipro, Bajaj Finserv, Tech Mahindra, Bajaj Finance. Retail inflation rose to 3-month high in June, factory output 5.2%. Global markets in green, Brent crude up 0.27%. FIIs offloaded equities worth Rs 1,242.44 crore. Sensex up 164.99 pts, Nifty 29.45 pts.",positive,0.937355101108551
2023-07-11 06:56:54,Axis Bank witnesses rise in attrition rate despite acquisition of Citibank India’s consumer business,"Axis Bank experienced a rise in attrition in FY23, with the employee turnover rate reaching 34.8% compared to 31.6% in FY22 and 19.1% in FY21.  The bank’s annual report also highlighted an increase in median remuneration and internal transfers to fill vacant positions.",positive,0.7753293514251709
2023-07-07 10:13:38,Flipkart joins hands with Axis Bank for loan services,"The service will provide customers access to competitive loan options, enabling them to secure amounts of up to Rs 5 lakh",positive,0.8771303296089172
2023-07-05 19:18:40,Bank FD: HDFC Bank Vs SBI Vs Axis Bank; Check Detailed Comparison of Latest Interest Rates - News18,"Here's the comparison of the current FD interest rates offered by three large banks HDFC Bank, SBI and Axis Bank on deposits below Rs 2 crore",neutral,0.9398553967475891
2023-07-04 08:02:03,"Axis Bank, Wipro, Maruti Suzuki: How should you trade these buzzing stocks?",Axis Bank is currently in a classical uptrend. It is experiencing a multi-month breakout with increased trading volumes. The stock is forming a Cup and Handle pattern on the daily chart.,negative,0.7314363718032837
2023-07-04 08:19:24,Axis Bank - Strong Trends In Business Momentum; Improving Operating Performance.: KRChoksey,"Axis Bank Ltd. has reported a stellar operating performance in FY23 led by healthy business traction as well as the successful integration of CITI business.  

The bank has strengthened its retail segment led by aggressive focus on customer acquisition as well as improved granularity. CITI business integration will further boost the overall business momentum, especially in the retail segment, and also aids in capturing market share in the retail segment. ",positive,0.9570702910423279
2023-07-03 15:29:15,"Nifty Bank Outlook: Buy the dips; HDFC Bank, Axis Bank shares may do well","Nifty Bank May futures traded with a 103.15-point premium to the Nifty Bank spot.

",positive,0.5334594249725342
2023-06-28 14:34:53,"Mahila Samman Saving Certificate facility now available in these public sector banks, four private banks. Check details here","According to a recent notification by the Finance Ministry, one can apply for a Mahila Samman Savings Certificate, 2023, in all public sector banks and ICICI Bank, Axis Bank, HDFC Bank Ltd and IDBI Bank. 
",neutral,0.7878328561782837
2023-06-27 12:46:37,Sensex snaps three-day losing run; HDFC twins shine,"Equity benchmark index Sensex ended a three-session losing streak to close nearly 450 points higher on Tuesday, helped by intense buying in index majors HDFC twins, ICICI Bank and Axis Bank amid a mixed trend in the global markets.",positive,0.8248215317726135
2023-06-27 07:47:53,"Adani Enterprises, Adani Ports, 3 other shares may see $129 million inflows on NSE indices rejig","BEL, IndusInd Bank, Axis Bank, Reliance Industries, Bank of Baroda, NHPC and JSW Steel are likely to see up to $28 million in outflows, Nuvama Alternative & Quantitative Research suggested in a note.

",positive,0.7362757921218872
2023-06-26 18:00:07,Axis Bank To Grow Up To 6% Faster Than Industry: CEO Amitabh Chaudhry,"Axis Bank on Monday said it will continue to grow 4-6% faster than the industry in the medium to long term, helped by focus on rural and semi-urban markets, improving digital infrastructure and Citibank India retail business.",positive,0.9494084119796753
2023-06-26 08:49:44,"Stocks to Watch: TCS, IndusInd Bank, Infosys, Axis Bank, RVNL, Aurobindo Pharma, and Others - News18","Stocks to watch: Shares of firms like TCS, IndusInd Bank, Infosys, Axis Bank, RVNL, Aurobindo Pharma, and others will be in focus on Monday's trade.",neutral,0.907717227935791
2023-06-26 00:20:18,"Stocks To Watch: TCS, HDFC Life, IPCA, Rail Vikas Nigam, Axis Bank","Stocks to watch are Tata Consultancy Services, HDFC Life Insurance, IPCA, Rail Vikas Nigam, Axis Bank",neutral,0.9452744126319885
2023-06-25 12:50:11,"RBI Imposes Penalty On Bank Of Maharashtra, Axis Bank & J&K Bank - News18",The RBI said penalities are based on deficiencies in regulatory compliance.,negative,0.9512670040130615
2023-06-23 15:29:50,"RBI Imposes Penalty On J&K Bank, Bank Of Maharashtra, Axis Bank","The Reserve Bank on Friday said it has imposed a penalty of Rs 2.5 crore on Jammu and Kashmir Bank for non-compliance with certain directions, including one related to ""time-bound implementation and strengthening of SWIFT-related operational controls"".",negative,0.931667149066925
2023-06-23 13:34:41,"ICICI Bank, Axis Bank & IndusInd Bank among Nomura’s top banking picks; downgrades AU Bank",Nomura has downgraded AU Small Finance Bank to a non-consensus 'reduce' from 'neutral' as it sees the lender as the most expensive stock with the lowest RoE outlook.,negative,0.9671104550361633
2023-06-22 13:38:26,Top 10 Indian Companies That Paid Highest Tax In FY 2023,"From Mukesh Ambani's RIL to Axis Bank, these Indian companies paid an astounding amount of tax in FY 2023.",positive,0.4693584144115448
2023-06-22 10:47:29,"ITC, Axis Bank, Bharti Airtel, HDFC Bank shares: Only 10 Sensex stocks hit record highs in 2023 so far","
Power Grid hit an all-time high of Rs 249.75 on June 20. ITC hit its all-time high of Rs 455.90 on June 19. Two other Sensex stocks  Titan Company Ltd and Larsen & Toubro Ltd hit their respective new highs on the same day.

",positive,0.8633129596710205
2023-06-21 15:29:23,Axis Bank launches new feature to manage multiple accounts on one platform,"Axis Bank has launched the ‘one-view’ feature on its mobile application which enables account management across multiple bank accounts, including non-Axis accounts.",neutral,0.790734052658081
2023-06-19 16:35:12,"Alok Industries, YES Bank, Suzlon Energy, BHEL shares see high volumes; HDFC Bank stock leads turnover table","Stocks seeing turnover in excess of Rs 500 crore included Axis Bank, Hindustan Aeronautics, IKIO Lighting and State Bank of India. The NSE Nifty was trading at 18,788.95, down 0.20 per cent.

",negative,0.9734546542167664
2023-06-19 08:19:49,"Stocks to Watch: HDFC Bank, Patanjali Foods, Tata Steel, Axis Bank, Natco Pharma, and Others - News18","Stocks to watch: Shares of firms like HDFC Bank, Patanjali Foods, Tata Steel, Axis Bank, Natco Pharma, and others will be in focus on Monday's trade.",neutral,0.9098274111747742
2023-06-17 12:48:19,Axis Bank Appoints Former RBI DG Vishwanathan as Non-Executive Chairman - News18,Axis Bank's board of directors approves the appointment of N S Vishwanathan as an independent director and non-executive (part-time) chairman for three years,neutral,0.9107391834259033
2023-06-16 09:55:25,"India remains favourite stock market from 10-year view, says Jefferies’ Chris Wood","Jefferies' global long-only portfolio includes six Indian stocks namely HDFC Bank (5 per cent weight), ICICI Bank (5 per cent), Zomato (4 per cent weight), Reliance Industries (4 per cent), Godrej Properties (4 per cent) and Axis Bank (4 per cent).

",neutral,0.9207597970962524
2023-06-16 11:07:46,"Reliance Industries, HCL Tech, HDFC Life, Axis Bank among stocks to watch out for today","Stocks to watch out for today: Reliance Industries, Samvardhana Motherson, HCL Tech, HDFC Life, Axis Bank and more  

",neutral,0.9221896529197693
2023-06-16 05:41:06,Morgan Stanley to move India headquarters to larger Mumbai space,"The shift into the space spread over two floors will be done next year. Goldman Sachs Group Inc., SoftBank Group Corp. and domestic lender Axis Bank Ltd. also have offices in the area.",neutral,0.9177488088607788
2023-06-16 08:57:27,"Stocks to Watch: IKIO Lighting, RIL, IndiGo, Axis Bank, GAIL, UTI AMC, and Others - News18","Stocks to watch: Shares of firms like IKIO Lighting, RIL, IndiGo, Axis Bank, GAIL, UTI AMC, and others will be in focus on Friday's trade.",neutral,0.9108551740646362
2023-06-15 12:50:11,"Axis Bank, TCS, Varun Beverages, Tega Industries among stocks to watch out for today","Stocks to watch out for today: Axis Bank, TCS, Varun Beverages, DCW, Tega Industries, REC and more  

",neutral,0.9375157952308655
2023-06-15 08:06:55,Axis Bank shares in focus as Bain Capital likely to sell 0.75% stake today,"Axis Bank shares settled at Rs 977.75 on BSE. The offer price range for the block deal suggest up to 1.4 per cent discount to the prevailing Axis Bank price.

",neutral,0.5817983150482178
2023-06-16 14:10:10,"Stocks In Focus: Axis Bank, HDFC Twins, Wipro, HAL, SJVN And More | BQ Prime","Stocks In Focus: Axis Bank, HDFC Twins, Wipro, HAL, SJVN And More | BQ Prime #StocksInFocus | #TurtleWealth's Rohan Mehta shares his views on the top buzzing stocks in trade today.",neutral,0.8854076266288757
2023-06-15 04:28:52,"Stocks to watch on June 15, 2023","Buzzing stocks of Axis Bank, Hero Motocorp, Reliance Industries, M&M, HCL Technologies, SJVN, IND Renewable, Imagicaaworld, Aavas Financiers, Tega Industries, Sangam India",neutral,0.927483320236206
2023-06-15 04:28:52,"Stocks to watch on June 14, 2023","Buzzing stocks of Axis Bank, Hero Motocorp, Reliance Industries, M&M, HCL Technologies, SJVN, IND Renewable, Imagicaaworld, Aavas Financiers, Tega Industries, Sangam India",neutral,0.927483320236206
2023-06-15 08:30:46,"Stocks to Watch: Axis Bank, CSDL, Hero MotoCorp, Indian Oil, Concor, REC, and Others - News18","Stocks to watch: Shares of firms like Axis Bank, CSDL, Hero MotoCorp, Indian Oil, Concor, REC, and others will be in focus on Thursday's trade.",neutral,0.9076859951019287
2023-06-14 07:44:53,"Nestle India, Axis Bank, M&M: How should you trade these buzzing stocks?","Nestle India is in a strong bullish setup where it has given a breakout of flag formation on the shorter time frame.  

",positive,0.8691893219947815
2023-06-14 20:23:04,"Bain Capital to sell 0.75% stake in Axis Bank via block deal for up to Rs 2,150 cr: Report","The offer price range for the stake sale is Rs 964-Rs 977.7 per share, said the report",neutral,0.9473299980163574
2023-06-16 11:25:29,"Stocks In Focus | Axis Bank, ICICI Bank, Dixon Tech, Ahluwalia Contracts, KEC International & More | BQ Prime","Stocks In Focus | Axis Bank, ICICI Bank, Dixon Tech, Ahluwalia Contracts, KEC International & More | BQ Prime Complete Circle Wealth's Kshitiz Mahajan shares insight on banking stocks in focus today and the other top buzzing stocks.",neutral,0.920184314250946
2023-06-12 08:26:36,"Nifty Bank outlook: Buy the dips; IndusInd Bank, Axis Bank shares may outperform index","Nifty Bank May futures traded with 121.10-point premium to the Nifty Bank spot.

",neutral,0.5489070415496826
2023-06-09 09:14:03,"ITC, IndiGo, Star Health, Kotak, Axis Bank shares: Stocks that top insurers bought & sold in May","Kotak Mahindra Bank, InterGlobe Aviation, Larsen & Toubro, Axis Bank and Ultratech Cement were some of the stocks that life insurers sold in the month gone by.

",neutral,0.9206797480583191
2023-06-08 12:53:09,"Stock Market Today: Sensex, Nifty Snap Four-Day Run As Kotak, Axis Bank, Sun Pharma Drag","The S&P BSE Sensex Index closed down 294 points or 0.47% at 62,848,64 while the NSE Nifty 50 Index was 92 points or 0.49% lower at 18,634.55.",negative,0.9698561429977417
2023-06-06 07:49:40,"Wipro, Axis Bank, SBI Card: How should you trade these stocks?","Axis Bank saw a pullback near the significant 200-DMA level where it bottomed out earlier. It broke above the important 50-EMA level, which has strengthened the trend.
",negative,0.7386707663536072
2023-06-06 05:55:55,Axis Bank introduces Kiwi credit card on UPI app,"Axis Bank and Kiwi join forces to introduce a Credit on UPI app, providing a comprehensive solution for RuPay credit card holders",positive,0.8926701545715332
2023-06-05 14:40:39,"June stock picks: SBI, Ashok Leyland, TCS, ITC among shares that analysts picked this month","HDFC Bank, ICICI Lombard, Coromandel International are Ashika Stock Broking's top three picks for June. ICICIdirect said it likes Kotak Mahindra Bank, Axis Bank and SBI among banking and financial stocks.

",neutral,0.8587503433227539
2023-06-05 11:28:47,"Stock Market Today: Sensex, Nifty Advance For The Second Day As Auto Stocks Gain; Axis Bank, M&M Lead","The S&P BSE Sensex Index was up 240 points or 0.38% at 62,787.47 while the NSE Nifty 50 Index was 60 points or 0.32% at 18,593.85.",positive,0.9064554572105408
2023-06-02 16:25:52,FD Rates Revised: PNB vs BOI vs Union Bank vs Axis Bank Latest Rates,These banks have revised the interest rates on Fixed deposits in the recent weeks,negative,0.5249778032302856
2023-06-02 15:46:35,Axis Bank Lounge Access On Credit Cards Restructured From June 1: Check Full List Of Cards And Access Details,"Axis Bank reduces complimentary airport lounge access for credit cardholders, limiting it to domestic terminals only.",negative,0.49973759055137634
2023-06-02 23:00:16,"CBI files case against IL&FS unit for allegedly cheating 19 banks to the tune of Rs 6,524 cr","Some of the banks that the company allegedly cheated reportedly include PNB, Canara Bank, Bank of India, SBI, Axis Bank, Yes Bank, among others",neutral,0.8037183880805969
2023-06-02 12:38:53,"Punjab National Bank, Axis Bank reduce fixed deposit interest rates on select tenure. Check rates, tenure here",Revised FD rates: Punjab National Bank (PNB) has revised its interest rates on fixed deposits of less than Rs 2 crore. ,negative,0.5832403898239136
2023-06-01 09:55:52,"Stocks to buy: RIL, Tata Motors, SBI, BPCL & Axis Bank are 5 cos that added 96% of Q4 incremental Nifty earnings","Nifty EPS estimates in FY21-23 were resilient but trend continuation in FY24 looks difficult. The trajectory will change from FY24, with BFSI contribution to incremental EPS growth tapering, Ambit Capital said .

",negative,0.502832293510437
2023-05-31 12:40:16,"Stock Market Today: Sensex, Nifty Snap Four-Day Gains As RIL, HDFC Twins, Axis Bank Drag","The S&P BSE Sensex Index closed down 347 points or 0.55% at 62,622.24 while the NSE Nifty 50 Index was lower 100 points or 0.53% at 18,534.40.",negative,0.9718236923217773
